compound_ID,SMILES
compound_941,Cc1ccc(NC(=O)c2ccc(CN3CCN(C)CC3)cc2)cc1Nc1nccc(-c2cccnc2)n1
compound_56904,CN1CCN(Cc2ccc(C(=O)Nc3cccc(Nc4nccc(-c5cccnc5)n4)c3)cc2)CC1
compound_185775,Cc1ccc(NC(=O)N2CCCCC2)cc1Nc1nccc(-c2cccnc2)n1
compound_184742,Cc1ccc(NC(=O)Nc2cccc(N3CCCC3)c2)cc1Nc1nccc(-c2cccnc2)n1
compound_1642,CS(=O)(=O)O.Cc1ccc(NC(=O)c2ccc(CN3CCN(C)CC3)cc2)cc1Nc1nccc(-c2cccnc2)n1
compound_230285,Cc1ccc(NC(=O)c2ccc(N=NN(C)CO)c(C(F)(F)F)c2)cc1Nc1nccc(-c2cccnc2)n1
compound_231634,Cc1ccc(NC(=O)c2ccc(CN(CCCl)CCCl)cc2)cc1Nc1nccc(-c2cccnc2)n1
compound_231633,Cc1ccc(NC(=O)c2ccc(CN(C)CCCl)cc2)cc1Nc1nccc(-c2cccnc2)n1
compound_231632,Cc1ccc(NC(=O)c2ccc(N(CCCl)CCCl)cc2)cc1Nc1nccc(-c2cccnc2)n1
compound_536073,Cc1ccc(NC(=O)c2ccc(CN3CC[C@@H](N(C)C)C3)c(C(F)(F)F)c2)cc1Nc1nccc(-c2cncnc2)n1.Cl
compound_206834,Cc1ccc(NC(=O)c2ccc(CN3CC[C@H](N(C)C)C3)c(C(F)(F)F)c2)cc1Nc1nccc(-c2cncnc2)n1
compound_205723,Cc1ccc(NC(=O)c2ccc(CN3CCN(C)CC3)c(C(F)(F)F)c2)cc1Nc1nccc(-c2cncnc2)n1
compound_203343,Cc1ccc(NC(=O)c2ccc(CN3CCN(C)CC3)c(C(F)(F)F)c2)cc1Nc1nccc(-c2cccnc2)n1
compound_383010,Cc1ccc(NC(=O)c2ccc(CN3CCN(C)CC3)c(Br)c2)cc1Nc1nccc(-c2cccnc2)n1
compound_205409,Cc1ccc(NC(=O)c2ccc(CN3CCN(C)CC3)c(F)c2)cc1Nc1nccc(-c2cccnc2)n1
compound_1171086,Cc1ccc(C(=O)Nc2ccc(CN3CCN(C)CC3)c(C(F)(F)F)c2)cc1C#Cc1cnc2ccccn12
compound_1171281,Cc1ccc(NC(=O)c2ccc(CN3CCN(C)CC3)c(C(F)(F)F)c2)cc1C#Cc1cnc2ccccn12
compound_1169705,Cc1ccc(C(=O)Nc2ccc(CN3CCCN(C)CC3)c(C(F)(F)F)c2)cc1C#Cc1cnc2ccccn12
compound_1171479,Cc1ccc(C(=O)Nc2ccc(CN3CCN(C)CC3)c(C(F)(F)F)c2)cc1C#Cc1cnc2[nH]ccc2c1
compound_1171657,Cc1ccc(C(=O)Nc2ccc(CN3CCN(C)CC3)c(C(F)(F)F)c2)cc1C#Cc1cnc2[nH]cnc2c1
compound_1171658,Cc1ccc(C(=O)Nc2ccc(CN3CCN(C)CC3)c(C(F)(F)F)c2)cc1C#Cc1cnc2[nH]c(=O)[nH]c2c1
compound_1171835,Cc1ccc(C(=O)Nc2ccc(CN3CCN(C)CC3)c(C(F)(F)F)c2)cc1C#Cc1cnc2ncccn12
compound_1171836,Cc1ccc(C(=O)Nc2ccc(CN3CCN(C)CC3)c(C(F)(F)F)c2)cc1C#Cc1cnc2cnccn12
compound_1171837,Cc1ccc(C(=O)Nc2ccc(CN3CCN(C)CC3)c(C(F)(F)F)c2)cc1C#Cc1cnc2cccnn12
compound_1173423,CN1CCN(Cc2ccc(NC(=O)c3cccc(C#Cc4cnc5cccnn45)c3)cc2C(F)(F)F)CC1
compound_1173424,CN1CCN(Cc2ccc(NC(=O)c3ccc(Cl)c(C#Cc4cnc5cccnn45)c3)cc2C(F)(F)F)CC1
compound_1173498,CN1CCN(Cc2ccc(NC(=O)c3ccc(F)c(C#Cc4cnc5cccnn45)c3)cc2C(F)(F)F)CC1
compound_1173200,Cc1ccc(C(=O)Nc2ccc(CN3CCN(C)CC3)c(C(F)(F)F)c2)cc1CCc1cnc2cccnn12
compound_1173201,Cc1ccc(C(=O)Nc2ccc(CN3CCN(C)CC3)c(C(F)(F)F)c2)cc1/C=C/c1cnc2cccnn12
compound_1242285,CC(C)n1nc(-c2cc(O)cc(Br)c2)c2c(N)ncnc21
compound_1242286,COCOc1cc(-c2nn(C(C)C)c3ncnc(N)c23)ccc1Br
compound_1242377,CC(C)n1nc(-c2ccc(F)c(O)c2)c2c(N)ncnc21
compound_1242378,C[C@H](CN)n1nc(-c2ccc(F)c(O)c2)c2c(N)ncnc21
compound_1242468,C[C@@H](CN)n1nc(-c2ccc(F)c(O)c2)c2c(N)ncnc21
compound_1242844,Nc1ncnc2c1c(-c1ccc(F)c(O)c1)nn2CC1CCNCC1
compound_1241483,COc1cc(-c2nn(C(C)C)c3ncnc(N)c23)ccc1F
compound_1241484,CC(C)n1nc(-c2ccc(Cl)c(O)c2)c2c(N)ncnc21
compound_1241579,C[C@H](CN)n1nc(-c2ccc(Cl)c(O)c2)c2c(N)ncnc21
compound_1240544,C[C@@H](CN)n1nc(-c2ccc(Cl)c(O)c2)c2c(N)ncnc21
compound_1241481,COc1cc(-c2nn(C(C)C)c3ncnc(N)c23)ccc1NC(=O)OC(C)(C)C
compound_1241578,CC(C)n1nc(-c2ccc(Br)c(O)c2)c2c(N)ncnc21
compound_1233882,CC(C)n1nc(-c2ccc3ncccc3c2)c2c(N)ncnc21
compound_1241674,CC(C)n1nc(-c2cc3cc(O)ccc3[nH]2)c2c(N)ncnc21
compound_1230790,CC(C)n1nc(-c2cccc(O)c2)c2c(N)ncnc21
compound_1234815,Cn1nc(-c2ccc3ccccc3c2)c2c(N)ncnc21
compound_1241241,CC(C)n1nc(-c2ccc(O)cc2)c2c(N)ncnc21
compound_1242024,Cc1cc(O)ccc1-c1nn(C(C)C)c2ncnc(N)c12
compound_1242026,Cc1ccc(-c2nn(C(C)C)c3ncnc(N)c23)cc1O
compound_1242109,CCC(C)n1nc(-c2ccc(C)c(O)c2)c2c(N)ncnc21
compound_1242110,CC(C)n1nc(-c2cccc(O)c2F)c2c(N)ncnc21
compound_1242198,CC(C)n1nc(-c2cc(O)cc(F)c2)c2c(N)ncnc21
compound_1242200,COc1cc(Br)cc(-c2nn(C(C)C)c3ncnc(N)c23)c1
compound_1242472,CCOc1ccc(-c2nn(C(C)C)c3ncnc(N)c23)cc1OC
compound_1242660,COc1cc(-c2nn(C(C)C)c3ncnc(N)c23)cc(OC)c1OC
compound_1242751,COc1cccc(-c2nn(C(C)C)c3ncnc(N)c23)c1OC
compound_1242752,CCOc1cc(-c2nn(C(C)C)c3ncnc(N)c23)ccc1OC
compound_1242847,COc1ccc(-c2nn(C(C)C)c3ncnc(N)c23)cc1
compound_1242848,CC(C)n1nc(-c2ccc(N)c(O)c2)c2c(N)ncnc21
compound_1241485,COc1cc(-c2nn(C(C)C)c3ncnc(N)c23)ccc1N
compound_1241486,COc1cc(-c2nn(C(C)C)c3ncnc(N)c23)ccc1NC(C)CO
compound_1241582,CC(C)n1nc(-c2cccc(CO)c2)c2c(N)ncnc21
compound_1241583,CC(C)n1nc(-c2cccc(CC#N)c2)c2c(N)ncnc21
compound_1240545,CC(C)n1nc(-c2ccc(CC#N)cc2)c2c(N)ncnc21
compound_1241679,CC(C)n1nc(-c2cccc(C#N)c2)c2c(N)ncnc21
compound_1241680,CC(C)n1nc(-c2ccc(F)c(C#N)c2)c2c(N)ncnc21
compound_1241771,CC(C)n1nc(-c2ccc(C#N)c(F)c2)c2c(N)ncnc21
compound_1241772,CC(C)n1nc(-c2ccc(C#N)nc2)c2c(N)ncnc21
compound_1241390,
compound_1241391,CC(C)n1nc(-c2cncnc2)c2c(N)ncnc21
compound_1241773,CC(=O)c1ccc(-c2nn(C(C)C)c3ncnc(N)c23)cc1
compound_1241860,CC(C)n1nc(-c2ccc(C=O)c(F)c2)c2c(N)ncnc21
compound_1241861,CC(C)n1nc(-c2cc(F)c(C=O)c(F)c2)c2c(N)ncnc21
compound_1241946,CC(=O)c1cccc(-c2nn(C(C)C)c3ncnc(N)c23)c1
compound_1241948,CC(C)n1nc(-c2cccc(NS(C)(=O)=O)c2)c2c(N)ncnc21
compound_1242030,CC(C)n1nc(-c2ccc(NS(C)(=O)=O)cc2)c2c(N)ncnc21
compound_1242031,CC(C)n1nc(-c2cccc(S(N)(=O)=O)c2)c2c(N)ncnc21
compound_1242032,CC(C)n1nc(-c2ccc(S(N)(=O)=O)cc2)c2c(N)ncnc21
compound_1241770,Nc1ncnc2c1c(-c1ccc(Cl)c(O)c1)nn2CC1CCNC1
compound_1241858,Nc1ncnc2c1c(-c1ccc(Cl)c(O)c1)nn2CC1CCCNC1
compound_1241859,Nc1ncnc2c1c(-c1ccc(Cl)c(O)c1)nn2CC1CCNCC1
compound_1241944,CC(C)n1nc(-c2ccc(C#N)c(O)c2)c2c(N)ncnc21
compound_1241945,CC(C)n1nc(-c2ccc(O)c(F)c2)c2c(N)ncnc21
compound_1242028,CC(C)n1nc(-c2cc(F)c(O)cc2F)c2c(N)ncnc21
compound_1242029,COc1cccc(-c2nn(C(C)C)c3ncnc(N)c23)c1
compound_1242112,COc1cc(-c2nn(C(C)C)c3ncnc(N)c23)ccc1O
compound_1242114,COc1ccc(-c2nn(C(C)C)c3ncnc(N)c23)cc1O
compound_1242290,COc1ccc(-c2nn(C(C)C)c3ncnc(N)c23)cc1OC
compound_1242661,CCOc1ccc2cc(-c3nn(C)c4ncnc(N)c34)ccc2c1
compound_1242662,CC(C)n1nc(-c2ccc3cc(O)ccc3c2)c2c(N)ncnc21
compound_1242663,CC(C)n1nc(-c2cc3ccccc3nc2Cl)c2c(N)ncnc21
compound_1242754,CC(C)n1nc(-c2cnc3ccccc3c2)c2c(N)ncnc21
compound_1242756,Cn1nc(-c2ccc3ncccc3c2)c2c(N)ncnc21
compound_1241489,CC(C)n1nc(-c2ccc3ccccc3c2)c2c(N)ncnc21
compound_1231371,CC(C)(C)n1nc(-c2ccc3ccccc3c2)c2c(N)ncnc21
compound_1241682,Cc1ccc2cc(-c3nn(C(C)C)c4ncnc(N)c34)ccc2n1
compound_1241683,CC(C)n1nc(-c2ccc3nc(Cl)ccc3c2)c2c(N)ncnc21
compound_1241774,CC(C)n1nc(-c2ccc3nccnc3c2)c2c(N)ncnc21
compound_1241775,CC(C)n1nc(-c2cnc3nccnc3c2)c2c(N)ncnc21
compound_1241776,CC(C)n1nc(-c2ccc3nc[nH]c(=O)c3c2)c2c(N)ncnc21
compound_1241863,CC(C)n1nc(-c2ccc3[nH]c(=O)ccc3c2)c2c(N)ncnc21
compound_1241949,CC(C)n1nc(-c2ccc3nc(N)ccc3c2)c2c(N)ncnc21
compound_1241950,CC(C)n1nc(-c2ccc3nc(NN)ccc3c2)c2c(N)ncnc21
compound_1242034,CC(C)n1nc(-c2ccc3nccc(N)c3c2)c2c(N)ncnc21
compound_1242118,CC(C)n1nc(-c2ccc3occc(=O)c3c2)c2c(N)ncnc21
compound_1242207,CC(C)n1nc(-c2ccc3cnccc3c2)c2c(N)ncnc21
compound_1242208,CC(C)n1nc(-c2ccc3ccncc3c2)c2c(N)ncnc21
compound_1242209,Cc1ccc2ccc(-c3nn(C(C)C)c4ncnc(N)c34)cc2n1
compound_1242293,CC(C)n1nc(-c2cnc3[nH]ccc3c2)c2c(N)ncnc21
compound_1242294,CC(C)n1nc(-c2ccc3[nH]ccc3c2)c2c(N)ncnc21
compound_1242384,
compound_1242386,CC(C)n1nc(-c2ccc3[nH]ncc3c2)c2c(N)ncnc21
compound_1242476,CC(C)n1nc(-c2ccc3c(N)n[nH]c3c2)c2c(N)ncnc21
compound_1242477,CC(C)n1nc(-c2ccc3cn[nH]c3c2)c2c(N)ncnc21
compound_1242573,CC(C)n1nc(-c2cc(F)c3cn[nH]c3c2)c2c(N)ncnc21
compound_1242574,CC(C)n1nc(-c2ccc3cc[nH]c3c2)c2c(N)ncnc21
compound_1242665,CC(C)n1nc(-c2ccn3ccnc3c2)c2c(N)ncnc21
compound_1242666,CC(C)n1nc(-c2ccc3c(C=O)c[nH]c3c2)c2c(N)ncnc21
compound_1242757,CC(C)n1nc(-c2cccc3[nH]ccc23)c2c(N)ncnc21
compound_1242852,CC(C)n1nc(-c2ccc3c(ccn3C(=O)OC(C)(C)C)c2)c2c(N)ncnc21
compound_1241490,
compound_1241492,CC(C)n1nc(-c2ccc3nonc3c2)c2c(N)ncnc21
compound_1241586,CC(C)n1nc(-c2ccc3[nH]c(=O)[nH]c3c2)c2c(N)ncnc21
compound_1241587,CC(C)n1nc(-c2ccc3c(c2)CCO3)c2c(N)ncnc21
compound_1241588,CC(C)n1nc(-c2ccc3c(c2)OCCO3)c2c(N)ncnc21
compound_1784630,Cc1ccc(C(=O)Nc2ccc(CN3CCN(C)CC3)c(C(F)(F)F)c2)cc1C#Cc1cnc(NC2CC2)nc1
compound_1784629,Cc1ccc(C(=O)Nc2ccc(CN3CCN(C)CC3)c(C(F)(F)F)c2)cc1C#Cc1ccc(C(N)=O)nc1
compound_1784628,CCC(=O)Nc1ccc(C#Cc2cc(C(=O)Nc3ccc(CN4CCN(C)CC4)c(C(F)(F)F)c3)ccc2C)cn1
compound_1784627,CC(=O)Nc1ccc(C#Cc2cc(C(=O)Nc3ccc(CN4CCN(C)CC4)c(C(F)(F)F)c3)ccc2C)cn1
compound_1784626,Cc1ccc(C(=O)Nc2ccc(CN3CCN(C)CC3)c(C(F)(F)F)c2)cc1C#Cc1cncnc1
compound_1784625,Cc1ccc(C(=O)Nc2ccc(CN3CCN(C)CC3)c(C(F)(F)F)c2)cc1C#Cc1cccnc1
PAINS_001,c1ccc(c(c1)O)O
compound_1784641,CC(=O)Nc1ncc(C#Cc2cc(C(=O)Nc3ccc(CN4CCN(C)CC4)c(C(F)(F)F)c3)ccc2C)s1
compound_1784640,Cc1ccc(C(=O)Nc2ccc(CN3CCN(C)CC3)c(C(F)(F)F)c2)cc1C#Cc1cnc(N)s1
compound_1784636,Cc1ccc(C(=O)Nc2ccc(CN3CCN(C)CC3)c(C(F)(F)F)c2)cc1C#Cc1cnc(C(=O)NCCO)n1C
compound_1784635,CNC(=O)c1ncc(C#Cc2cc(C(=O)Nc3ccc(CN4CCN(C)CC4)c(C(F)(F)F)c3)ccc2C)n1C
compound_1784634,Cc1ccc(C(=O)Nc2ccc(CN3CCN(C)CC3)c(C(F)(F)F)c2)cc1C#Cc1cnc(C(N)=O)n1C
compound_1784633,Cc1ccc(C(=O)Nc2ccc(CN3CCN(C)CC3)c(C(F)(F)F)c2)cc1C#Cc1cnc(C)n1C
compound_1784632,Cc1ccc(C(=O)Nc2ccc(CN3CCN(C)CC3)c(C(F)(F)F)c2)cc1C#Cc1cncn1C
compound_1784631,Cc1ccc(C(=O)Nc2ccc(CN3CCN(C)CC3)c(C(F)(F)F)c2)cc1C#Cc1cnc[nH]1
compound_2070045,COc1ccc2cc(-c3nn(C(C)C)c4ncnc(N)c34)ccc2c1.Cl
compound_2070047,COc1ccc2cc(-c3nn(CC4CCNCC4)c4ncnc(N)c34)ccc2c1.Cl
compound_2070048,CCOc1ccc2cc(-c3nn(C(C)C)c4ncnc(N)c34)ccc2c1.Cl
compound_2070050,CCOc1ccc2cc(-c3nn(CC4CCNCC4)c4ncnc(N)c34)ccc2c1.Cl
compound_2070051,CCOc1ccc2cc(-c3nn(CC4CCNCC4)c4ncnc(N)c34)ccc2n1.Cl
compound_2070075,CCOc1ccc2cc(-c3nn(C4CCN(C)CC4)c4ncnc(N)c34)ccc2c1.Cl
compound_2070081,CCOc1ccc2cc(-c3nn(CC4CCN(C)CC4)c4ncnc(N)c34)ccc2c1.Cl
compound_2178279,CCc1ccc(C(=O)Nc2ccc(CN3CCN(C)CC3)c(C(F)(F)F)c2)cc1-n1cc(-c2cnc3[nH]ncc3c2)nn1
compound_2178278,CN1CCN(Cc2ccc(NC(=O)c3ccc(Br)c(-n4cc(-c5cnc6[nH]ncc6c5)nn4)c3)cc2C(F)(F)F)CC1
compound_2178277,CN1CCN(Cc2ccc(NC(=O)c3ccc(Cl)c(-n4cc(-c5cnc6[nH]ncc6c5)nn4)c3)cc2C(F)(F)F)CC1
compound_2178276,CN1CCN(Cc2ccc(NC(=O)c3ccc(F)c(-n4cc(-c5cnc6[nH]ncc6c5)nn4)c3)cc2C(F)(F)F)CC1
compound_2178269,Cc1ccc(C(=O)Nc2ccc(CN3CCC(N4CCN(C)CC4)CC3)c(C(F)(F)F)c2)cc1-n1cc(-c2cnc3[nH]ncc3c2)nn1
compound_2178268,Cc1ccc(C(=O)Nc2ccc(CN3CCCN(C)CC3)c(C(F)(F)F)c2)cc1-n1cc(-c2cnc3[nH]ncc3c2)nn1
compound_2177646,Cc1ccc(C(=O)Nc2ccc(CN3CCN(C)CC3)c(C(F)(F)F)c2)cc1-n1cc(-c2cnc3[nH]nc(C)c3c2)nn1
compound_2177645,Cc1ccc(C(=O)Nc2ccc(CN3CCN(C)CC3)c(C(F)(F)F)c2)cc1-n1cc(-c2cnc3[nH]ncc3c2)nn1
compound_2177644,
compound_2177643,Cc1ccc(C(=O)Nc2ccc(CN3CCN(C)CC3)c(C(F)(F)F)c2)cc1-n1cc(-c2ccc3[nH]ccc3c2)nn1
compound_2177642,Cc1ccc(C(=O)Nc2ccc(CN3CCN(C)CC3)c(C(F)(F)F)c2)cc1-n1cc(-c2cnc3[nH]ccc3c2)nn1
compound_2177641,Cc1ccc(C(=O)Nc2ccc(CN3CCN(C)CC3)c(C(F)(F)F)c2)cc1-n1cc(-c2cnc3ncnn3c2)nn1
compound_2177640,Cc1ccc(C(=O)Nc2ccc(CN3CCN(C)CC3)c(C(F)(F)F)c2)cc1-n1cc(-c2cnc(N3CCCCC3)nc2)nn1
compound_2177639,Cc1ccc(C(=O)Nc2ccc(CN3CCN(C)CC3)c(C(F)(F)F)c2)cc1-n1cc(-c2cnc(NCc3ccccc3)nc2)nn1
compound_2177638,Cc1ccc(C(=O)Nc2ccc(CN3CCN(C)CC3)c(C(F)(F)F)c2)cc1-n1cc(-c2cnc(NC3CCCCC3)nc2)nn1
compound_2177637,Cc1ccc(C(=O)Nc2ccc(CN3CCN(C)CC3)c(C(F)(F)F)c2)cc1-n1cc(-c2cnc(NC(C)C)nc2)nn1
compound_2177636,Cc1ccc(C(=O)Nc2ccc(CN3CCN(C)CC3)c(C(F)(F)F)c2)cc1-n1cc(-c2cnc(NC3CC3)nc2)nn1
compound_2177635,CCNc1ncc(-c2cn(-c3cc(C(=O)Nc4ccc(CN5CCN(C)CC5)c(C(F)(F)F)c4)ccc3C)nn2)cn1
compound_2177634,CNc1ncc(-c2cn(-c3cc(C(=O)Nc4ccc(CN5CCN(C)CC5)c(C(F)(F)F)c4)ccc3C)nn2)cn1
compound_2177633,Cc1ccc(C(=O)Nc2ccc(CN3CCN(C)CC3)c(C(F)(F)F)c2)cc1-n1cc(-c2cnc(N)nc2)nn1
compound_2177632,Cc1ccc(C(=O)Nc2ccc(CN3CCN(C)CC3)c(C(F)(F)F)c2)cc1-n1cc(-c2cnc3ccccn23)nn1
compound_2177631,Cc1ccc(C(=O)Nc2ccc(CN3CCN(C)CC3)c(C(F)(F)F)c2)cc1-n1cc(-c2cnn3cccnc23)nn1
compound_2177630,Cc1ccc(C(=O)Nc2ccc(CN3CCN(C)CC3)c(C(F)(F)F)c2)cc1-n1cc(-c2cnc3ncccn23)nn1
compound_2177629,Cc1ccc(C(=O)Nc2ccc(CN3CCN(C)CC3)c(C(F)(F)F)c2)cc1-n1cc(-c2cnc3cccnn23)nn1
compound_2316581,Cc1ccc(C(=O)Nc2ccc(CN3CCN(C)CC3)c(C(F)(F)F)c2)cc1C#Cc1cnc2ncnn2c1
compound_2316580,Cc1ccc(C(=O)Nc2ccc(CN3CCN(C)CC3)c(C(F)(F)F)c2)cc1C#Cc1cnc2c(cnn2C)c1
compound_2316579,Cc1ccc(C(=O)Nc2ccc(CN3CCN(C)CC3)c(C(F)(F)F)c2)cc1C#Cc1ccc2[nH]ncc2c1
compound_2316871,Cc1ccc(C(=O)Nc2ccc(CN3CCN(C)CC3)c(C(F)(F)F)c2)cc1C#Cc1cnc2[nH]nc(-c3ccccc3)c2c1
compound_2316869,Cc1ccc(C(=O)Nc2ccc(CN3CCN(C)CC3)c(C(F)(F)F)c2)cc1C#Cc1cnc2[nH]nc(C)c2c1
compound_2316583,CN1CCN(Cc2ccc(NC(=O)c3cccc(C#Cc4cnc5[nH]ncc5c4)c3)cc2C(F)(F)F)CC1
compound_2316582,Cc1ccc(C(=O)Nc2ccc(CN3CCN(C)CC3)c(C(F)(F)F)c2)cc1C#Cc1cnc2[nH]ncc2c1
compound_3976713,N#Cc1cncc(-c2cc(C(=O)Nc3ccc(OC(F)(F)F)cc3)cnc2N2CC[C@H](CO)C2)c1
compound_3976713,N#Cc1cncc(-c2cc(C(=O)Nc3ccc(OC(F)(F)F)cc3)cnc2N2CC[C@H](CO)C2)c1
compound_2324930,Cc1ccc(NC(=O)c2ccc(CN3CCN(C)CC3)c(C(F)(F)F)c2)cc1C#Cc1cnc2cccnn12
compound_2324924,Cc1ccc(C(=O)Nc2ccc(CN3CCN(C)CC3)c(C(F)(F)F)c2)cc1C#Cc1cncc2nccn12
compound_3690080,Cc1ccc(NC(=O)c2ccc3c(c2)CCC3N2CCC(N(C)C)C2)cc1Nc1nccc(-c2cccnc2)n1
compound_3690081,Cc1ccc(NC(=O)c2ccc3c(c2)CCC3N2CC[C@@H](N(C)C)C2)cc1Nc1nccc(-c2cccnc2)n1
compound_3690079,Cc1ccc(NC(=O)c2ccc3c(c2)CCC3N2CCN(C)CC2)cc1Nc1nccc(-c2cncnc2)n1
compound_3690073,Cc1ccc(NC(=O)c2ccc3c(c2)CCC3N2CCN(C(=O)OC(C)(C)C)CC2)cc1Nc1nccc(-c2cccnc2)n1
compound_3690076,Cc1ccc(NC(=O)c2ccc3c(c2)CCC3N2CCN(C(C)C)CC2)cc1Nc1nccc(-c2cccnc2)n1
compound_3690075,CCN1CCN(C2CCc3cc(C(=O)Nc4ccc(C)c(Nc5nccc(-c6cccnc6)n5)c4)ccc32)CC1
compound_3690082,Cc1ccc(NC(=O)c2ccc3c(c2)CC[C@@H]3N2CCN(C)CC2)cc1Nc1nccc(-c2cccnc2)n1
compound_3690072,Cc1ccc(NC(=O)c2ccc3c(c2)CCC3N2CCN(C)CC2)cc1Nc1nccc(-c2cccnc2)n1
compound_3690083,Cc1ccc(NC(=O)c2ccc3c(c2)CCC3N2CCN(C)CC2)cc1Nc1nccc(-c2ccncc2)n1
compound_3690078,CC(=O)N1CCN(C2CCc3cc(C(=O)Nc4ccc(C)c(Nc5nccc(-c6cccnc6)n5)c4)ccc32)CC1
compound_3690074,Cc1ccc(NC(=O)c2ccc3c(c2)CCC3N2CCNCC2)cc1Nc1nccc(-c2cccnc2)n1
compound_2058538,CC(C)n1nc(C#Cc2ccccc2)c2c(N)ncnc21
compound_3974327,Cc1ccc(C(=O)Nc2ccc(CN3CCN(C)CC3)c(C(F)(F)F)c2)cc1C#Cc1cnc2[nH]ccc2n1
compound_3898824,CNc1nc2cc(C#Cc3cc(C(=O)Nc4ccc(CN5CCN(C)CC5)c(C(F)(F)F)c4)ccc3C)ccn2n1
compound_3935947,Cc1ccc(C(=O)Nc2ccc(CN3CCN(C)CC3)c(C(F)(F)F)c2)cc1C#Cc1cn(C)c(-c2ncc(C(F)(F)F)[nH]2)n1
compound_3951215,
compound_3919620,Cc1ccc(C(=O)Nc2ccc(CN3CCN(C)CC3)c(C(F)(F)F)c2)cc1C#Cc1ccc(-c2ncc[nH]2)nc1
compound_3899456,O=C(Nc1ccc(OC(F)(F)F)cc1)c1ccc(N2CC[C@H](O)C2)c(-c2cncnc2)c1
compound_4110566,O=C(Nc1ccc(OC(F)(F)F)cc1)c1ccc(N2CC[C@@H](O)C2)c(-c2cncnc2)c1
compound_4111553,Cc1ncc(-c2cc(C(=O)Nc3ccc(OC(F)(F)F)cc3)ccc2N2CC[C@@H](O)C2)cn1
compound_4109149,COc1ncc(-c2cc(C(=O)Nc3ccc(OC(F)(F)F)cc3)ccc2N2CC[C@@H](O)C2)cn1
compound_4109691,O=C(Nc1ccc(OC(F)(F)F)cc1)c1ccc(N2CC[C@@H](O)C2)c(-c2cccnc2)c1
compound_4108800,Cc1ccc(-c2cc(C(=O)Nc3ccc(OC(F)(F)F)cc3)ccc2N2CC[C@@H](O)C2)cn1
compound_3917328,O=C(Nc1ccc(OC(F)(F)F)cc1)c1ccc(N2C[C@H](O)[C@@H](O)C2)c(-c2cncnc2)c1
compound_3908507,O=C(Nc1ccc(OC(F)(F)F)cc1)c1ccc(N2C[C@H](O)[C@@H](O)C2)c(-c2cccnc2)c1
compound_3936455,Cc1ccc(-c2cc(C(=O)Nc3ccc(OC(F)(F)F)cc3)ccc2N2C[C@H](O)[C@@H](O)C2)cn1
compound_3907269,O=C(Nc1ccc(OC(F)(F)F)cc1)c1ccc(N2C[C@@H](O)[C@@H](O)C2)c(-c2cncnc2)c1
compound_3892626,CC1(O)CCN(c2ccc(C(=O)Nc3ccc(OC(F)(F)F)cc3)cc2-c2cncnc2)C1
compound_3959851,O=C(Nc1ccc(OC(F)(F)F)cc1)c1cnc(N2CCC(O)C2)c(-c2cncnc2)c1
compound_3928824,CC1(O)CCN(c2ncc(C(=O)Nc3ccc(OC(F)(F)F)cc3)cc2-c2cncnc2)C1
compound_3951124,O=C(Nc1ccc(OC(F)(F)F)cc1)c1cnc(N2CCC(CO)C2)c(-c2cncnc2)c1
compound_3923401,CC(=O)NC1CCN(c2ncc(C(=O)Nc3ccc(OC(F)(F)F)cc3)cc2-c2cncnc2)C1
compound_3950090,O=C(Nc1ccc(OC(F)(F)F)cc1)c1cnc(N2CCC3(CCNC3=O)C2)c(-c2cncnc2)c1
compound_3937855,O=C(Nc1ccc(OC(F)(F)F)cc1)c1cnc(N2CCCC(CO)C2)c(-c2cncnc2)c1
compound_3952322,CC(=O)NC1CCCN(c2ncc(C(=O)Nc3ccc(OC(F)(F)F)cc3)cc2-c2cncnc2)C1
compound_3921113,NC(=O)C1CCN(c2ncc(C(=O)Nc3ccc(OC(F)(F)F)cc3)cc2-c2cncnc2)CC1
compound_3908721,O=C(Nc1ccc(OC(F)(F)F)cc1)c1cnc(N2CCC(O)CC2)c(-c2cncnc2)c1
compound_3909622,N#C[C@@H]1CCCN(c2ncc(C(=O)Nc3ccc(OC(F)(F)F)cc3)cc2-c2cncnc2)C1
compound_4113329,N#C[C@H]1CCCN(c2ncc(C(=O)Nc3ccc(OC(F)(F)F)cc3)cc2-c2cncnc2)C1
compound_3933980,O=C(Nc1ccc(OC(F)(F)F)cc1)c1cnc(N2CC(O)C2)c(-c2cncnc2)c1
compound_3910823,CN1CCN(c2ncc(C(=O)Nc3ccc(OC(F)(F)F)cc3)cc2-c2cncnc2)CC1
compound_3952100,COc1ncc(-c2cc(C(=O)Nc3ccc(OC(F)(F)F)cc3)cnc2N2CCC(O)C2)cn1
compound_3947553,O=C(Nc1ccc(OC(F)(F)F)cc1)c1cnc(N2CCC(O)C2)c(-c2cccnc2)c1
compound_3932930,Cc1ccc(-c2cc(C(=O)Nc3ccc(OC(F)(F)F)cc3)cnc2N2CCC(O)C2)cn1
compound_3960404,O=C(Nc1ccc(OC(F)(F)F)cc1)c1cnc(N2CCC(O)C2)c(-c2ccncc2)c1
compound_3982884,O=C(Nc1ccc(OC(F)(F)F)cc1)c1cnc(N2CCC(O)C2)c(-c2ccc(C(F)(F)F)nc2)c1
compound_3954214,O=C(Nc1ccc(OC(F)(F)F)cc1)c1cnc(N2CC[C@H](O)C2)c(-c2cncnc2)c1
compound_3893997,Cc1ccc(-c2cc(C(=O)Nc3ccc(OC(F)(F)F)cc3)cnc2N2CC[C@H](O)C2)cn1
compound_3976713,N#Cc1cncc(-c2cc(C(=O)Nc3ccc(OC(F)(F)F)cc3)cnc2N2CC[C@H](CO)C2)c1
compound_4115154,O=C(Nc1ccc(OC(F)(F)F)cc1)c1cnc(N2CC[C@@H](O)C2)c(-c2cncnc2)c1
compound_4115176,Cc1ncc(-c2cc(C(=O)Nc3ccc(OC(F)(F)F)cc3)cnc2N2CC[C@@H](O)C2)cn1
compound_4110752,COc1ncc(-c2cc(C(=O)Nc3ccc(OC(F)(F)F)cc3)cnc2N2CC[C@@H](O)C2)cn1
compound_4111163,Nc1ncc(-c2cc(C(=O)Nc3ccc(OC(F)(F)F)cc3)cnc2N2CC[C@@H](O)C2)cn1
compound_4111355,O=C(Nc1ccc(OC(F)(F)F)cc1)c1cnc(N2CC[C@@H](O)C2)c(-c2cccnc2)c1
compound_4107478,O=C(Nc1ccc(OC(F)(F)F)cc1)c1cnc(N2CC[C@@H](O)C2)c(-c2ccccn2)c1
compound_4114004,Cc1ccc(-c2cc(C(=O)Nc3ccc(OC(F)(F)F)cc3)cnc2N2CC[C@@H](O)C2)cn1
compound_4112160,O=C(Nc1ccc(OC(F)(F)F)cc1)c1cnc(N2CC[C@@H](O)C2)c(-c2ccc(CO)nc2)c1
compound_4113564,Cc1ncccc1-c1cc(C(=O)Nc2ccc(OC(F)(F)F)cc2)cnc1N1CC[C@@H](O)C1
compound_4114961,Cc1cncc(-c2cc(C(=O)Nc3ccc(OC(F)(F)F)cc3)cnc2N2CC[C@@H](O)C2)c1
compound_4108721,O=C(Nc1ccc(OC(F)(F)F)cc1)c1cnc(N2CC[C@@H](O)C2)c(-c2cncc(F)c2)c1
compound_4115674,O=C(Nc1ccc(OC(F)(F)F)cc1)c1cnc(N2CC[C@@H](O)C2)c(-c2cccnc2F)c1
compound_4112036,O=C(Nc1ccc(OC(F)(F)F)cc1)c1cnc(N2CC[C@@H](O)C2)c(-c2ccc(F)nc2)c1
compound_4112258,O=C(Nc1ccc(OC(F)(F)F)cc1)c1cnc(N2CC[C@@H](O)C2)c(-c2cnccc2F)c1
compound_4109332,O=C(Nc1ccc(OC(F)(F)F)cc1)c1cnc(N2CC[C@@H](O)C2)c(-c2cc(F)cnc2F)c1
compound_4110946,O=C(Nc1ccc(OC(F)(F)F)cc1)c1cnc(N2CC[C@@H](O)C2)c(-c2cncc(Cl)c2)c1
compound_4108985,O=C(Nc1ccc(OC(F)(F)F)cc1)c1cnc(N2CC[C@@H](O)C2)c(-c2ccc(C(F)(F)F)nc2)c1
compound_4107812,Cc1ncc(-c2cc(C(=O)Nc3ccc(OC(F)(F)F)cc3)cnc2N2CC[C@@H](O)C2)cc1F
compound_4113492,O=C(Nc1ccc(OC(F)(F)F)cc1)c1cnc(N2CC[C@@H](O)C2)c(-c2cnc(Cl)c(F)c2)c1
compound_4110615,N#Cc1cncc(-c2cc(C(=O)Nc3ccc(OC(F)(F)F)cc3)cnc2N2CC[C@@H](O)C2)c1
compound_4108749,COc1cncc(-c2cc(C(=O)Nc3ccc(OC(F)(F)F)cc3)cnc2N2CC[C@@H](O)C2)c1
compound_4111391,COc1ccc(-c2cc(C(=O)Nc3ccc(OC(F)(F)F)cc3)cnc2N2CC[C@@H](O)C2)cn1
compound_4114324,O=C(Nc1ccc(OC(F)(F)F)cc1)c1cnc(N2CC[C@@H](O)C2)c(-c2ccccc2)c1
compound_4114005,O=C(Nc1ccc(OC(F)(F)F)cc1)c1cnc(N2CC[C@@H](O)C2)c(-c2cccc(F)c2)c1
compound_4108992,O=C(Nc1ccc(OC(F)(F)F)cc1)c1cnc(N2CC[C@@H](O)C2)c(-c2cccc(CO)c2)c1
compound_4108461,CC(C)(O)c1cc(F)cc(-c2cc(C(=O)Nc3ccc(OC(F)(F)F)cc3)cnc2N2CC[C@@H](O)C2)c1
compound_4115607,O=C(Nc1ccc(OC(F)(F)F)cc1)c1cnc(N2CC[C@@H](O)C2)c(-c2cc(F)cc(F)c2)c1
compound_4113011,COC(=O)c1cc(F)cc(-c2cc(C(=O)Nc3ccc(OC(F)(F)F)cc3)cnc2N2CC[C@@H](O)C2)c1
compound_4113400,O=C(Nc1ccc(OC(F)(F)F)cc1)c1cnc(N2CC[C@@H](O)C2)c(-c2ccc3ccncc3c2)c1
compound_4112970,O=C(Nc1ccc(OC(F)(F)F)cc1)c1cnc(N2CC[C@@H](O)C2)c(-c2ccc3nccnc3c2)c1
compound_3909820,C[C@]1(O)CCN(c2ncc(C(=O)Nc3ccc(OC(F)(F)F)cc3)cc2-c2cncnc2)C1
compound_4107083,C[C@@]1(O)CCN(c2ncc(C(=O)Nc3ccc(OC(F)(F)F)cc3)cc2-c2cncnc2)C1
compound_3898262,O=C(Nc1ccc(OC(F)(F)F)cc1)c1cnc(N2CCCC2)c(-c2cncnc2)c1
compound_3980913,Nc1ncc(-c2cc(C(=O)Nc3ccc(OC(F)(F)F)cc3)cnc2N2CCCC2)cn1
compound_3907285,O=C(Nc1ccc(OC(F)(F)F)cc1)c1cnc(N2CCCC2)c(-c2ccc(CO)nc2)c1
compound_3891752,O=C(Nc1ccc(OC(F)(F)F)cc1)c1cnc(N2C[C@H](O)[C@@H](O)C2)c(-c2cccnc2)c1
compound_3919800,O=C(Nc1ccc(OC(F)(F)F)cc1)c1cnc(N2C[C@@H](O)[C@@H](O)C2)c(-c2cncnc2)c1
compound_3915759,CO[C@H]1CN(c2ncc(C(=O)Nc3ccc(OC(F)(F)F)cc3)cc2-c2cncnc2)C[C@@H]1O
compound_4109626,CO[C@@H]1CN(c2ncc(C(=O)Nc3ccc(OC(F)(F)F)cc3)cc2-c2cncnc2)C[C@H]1O
compound_4113536,O=C(Nc1ccc(OC(F)(F)F)cc1)c1cnc(N2CC[C@@H](CO)C2)c(-c2cncnc2)c1
compound_4113940,O=C(Nc1ccc(OC(F)(F)F)cc1)c1cnc(N2CC[C@@H](CO)C2)c(-c2cccnc2)c1
compound_4109606,Cc1ccc(-c2cc(C(=O)Nc3ccc(OC(F)(F)F)cc3)cnc2N2CC[C@@H](CO)C2)cn1
compound_3939040,O=C(Nc1ccc(OC(F)(F)F)cc1)c1cnc(N2CC[C@H](CO)C2)c(-c2cncnc2)c1
compound_3914500,Cc1ncc(-c2cc(C(=O)Nc3ccc(OC(F)(F)F)cc3)cnc2N2CC[C@H](CO)C2)cn1
compound_3907859,N#Cc1ncc(-c2cc(C(=O)Nc3ccc(OC(F)(F)F)cc3)cnc2N2CC[C@H](CO)C2)cn1
compound_3930013,O=C(Nc1ccc(OC(F)(F)F)cc1)c1cnc(N2CC[C@H](CO)C2)c(-c2cccnc2)c1
compound_3902058,Cc1ccc(-c2cc(C(=O)Nc3ccc(OC(F)(F)F)cc3)cnc2N2CC[C@H](CO)C2)cn1
compound_3917349,CCc1ccc(-c2cc(C(=O)Nc3ccc(OC(F)(F)F)cc3)cnc2N2CC[C@H](CO)C2)cn1
compound_3976713,N#Cc1cncc(-c2cc(C(=O)Nc3ccc(OC(F)(F)F)cc3)cnc2N2CC[C@H](CO)C2)c1
compound_3976713,N#Cc1cncc(-c2cc(C(=O)Nc3ccc(OC(F)(F)F)cc3)cnc2N2CC[C@H](CO)C2)c1
compound_3908533,O=C(Nc1ccc(OC(F)(F)F)cc1)c1cnc(N2CC[C@H](CO)C2)c(-c2ccc(CF)nc2)c1
compound_3936479,O=C(Nc1ccc(OC(F)(F)F)cc1)c1cnc(N2CC[C@H](CO)C2)c(-c2ccc(C3CC3)nc2)c1
compound_3907286,O=C(Nc1ccc(OC(F)(F)F)cc1)c1cnc(N2CC[C@H](CO)C2)c(-c2cncc(F)c2)c1
compound_3931751,Cc1ncc(-c2cc(C(=O)Nc3ccc(OC(F)(F)F)cc3)cnc2N2CC[C@H](CO)C2)cc1F
compound_3894811,O=C(Nc1ccc(OC(F)(F)F)cc1)c1cnc(N2CC[C@H](CO)C2)c(-c2ccc(Cl)nc2)c1
compound_3922791,O=C(Nc1ccc(OC(F)(F)F)cc1)c1cnc(N2CC[C@H](CO)C2)c(-c2cnc(Cl)c(F)c2)c1
compound_3976713,N#Cc1cncc(-c2cc(C(=O)Nc3ccc(OC(F)(F)F)cc3)cnc2N2CC[C@H](CO)C2)c1
compound_3909640,N#Cc1ccc(-c2cc(C(=O)Nc3ccc(OC(F)(F)F)cc3)cnc2N2CC[C@H](CO)C2)cn1
compound_4115522,O=C(Nc1ccc(OC(F)(F)F)cc1)c1cnc(N2C[C@H](CO)[C@@H](O)C2)c(-c2cncc(F)c2)c1
compound_4107355,N[C@@H]1CCN(c2ncc(C(=O)Nc3ccc(OC(F)(F)F)cc3)cc2-c2cncnc2)C1
compound_4109447,N[C@@H]1CCN(c2ncc(C(=O)Nc3ccc(OC(F)(F)F)cc3)cc2-c2cccnc2)C1
compound_4112649,Cc1ccc(-c2cc(C(=O)Nc3ccc(OC(F)(F)F)cc3)cnc2N2CC[C@@H](N)C2)cn1
compound_3890279,N[C@H]1CCN(c2ncc(C(=O)Nc3ccc(OC(F)(F)F)cc3)cc2-c2cncnc2)C1
compound_3909536,N[C@H]1CCN(c2ncc(C(=O)Nc3ccc(OC(F)(F)F)cc3)cc2-c2cccnc2)C1
compound_3902824,Cc1ccc(-c2cc(C(=O)Nc3ccc(OC(F)(F)F)cc3)cnc2N2CC[C@H](N)C2)cn1
compound_4113928,CN[C@@H]1CCN(c2ncc(C(=O)Nc3ccc(OC(F)(F)F)cc3)cc2-c2cncnc2)C1
PAINS_003,O=C1NC(=S)SC1
compound_4107268,CN[C@@H]1CCN(c2ncc(C(=O)Nc3ccc(OC(F)(F)F)cc3)cc2-c2cccnc2)C1
compound_4115517,CN[C@@H]1CCN(c2ncc(C(=O)Nc3ccc(OC(F)(F)F)cc3)cc2-c2ccc(C)nc2)C1
compound_3896423,CN[C@H]1CCN(c2ncc(C(=O)Nc3ccc(OC(F)(F)F)cc3)cc2-c2cncnc2)C1
compound_3967351,CN[C@H]1CCN(c2ncc(C(=O)Nc3ccc(OC(F)(F)F)cc3)cc2-c2cccnc2)C1
compound_3896105,CN[C@H]1CCN(c2ncc(C(=O)Nc3ccc(OC(F)(F)F)cc3)cc2-c2ccc(C)nc2)C1
compound_4109872,NC[C@H]1CCN(c2ncc(C(=O)Nc3ccc(OC(F)(F)F)cc3)cc2-c2cncnc2)C1
compound_4108903,NC[C@H]1CCN(c2ncc(C(=O)Nc3ccc(OC(F)(F)F)cc3)cc2-c2cccnc2)C1
compound_4115384,Cc1ccc(-c2cc(C(=O)Nc3ccc(OC(F)(F)F)cc3)cnc2N2CC[C@H](CN)C2)cn1
compound_3901163,NC[C@@H]1CCN(c2ncc(C(=O)Nc3ccc(OC(F)(F)F)cc3)cc2-c2cncnc2)C1
compound_3980205,NC[C@@H]1CCN(c2ncc(C(=O)Nc3ccc(OC(F)(F)F)cc3)cc2-c2cccnc2)C1
compound_3977260,Cc1ccc(-c2cc(C(=O)Nc3ccc(OC(F)(F)F)cc3)cnc2N2CC[C@@H](CN)C2)cn1
compound_3961194,COc1ccc(-c2cc(C(=O)Nc3ccc(OC(F)(F)F)cc3)cnc2N2CC[C@@H](CN)C2)cn1
compound_3976976,CN(C)C1CCN(c2ncc(C(=O)Nc3ccc(OC(F)(F)F)cc3)cc2-c2cncnc2)C1
compound_3902822,CC(C)(O)C1CCN(c2ncc(C(=O)Nc3ccc(OC(F)(F)F)cc3)cc2-c2cncnc2)C1
compound_3962815,CC(C)(O)C1CCN(c2ncc(C(=O)Nc3ccc(OC(F)(F)F)cc3)cc2-c2cccnc2)C1
compound_3915619,Cc1ccc(-c2cc(C(=O)Nc3ccc(OC(F)(F)F)cc3)cnc2N2CCC(C(C)(C)O)C2)cn1
compound_3954083,O=C(Nc1ccc(OC(F)(F)F)cc1)c1cnc(N2CCC3(COC3)C2)c(-c2cncnc2)c1
compound_3986132,O=C(Nc1ccc(OC(F)(F)F)cc1)c1ccc(N2CCOC2=O)c(-c2cncnc2)c1
compound_3948792,O=C(Nc1ccc(OC(F)(F)F)cc1)c1cnc(N2CCCC(O)C2)c(-c2cncnc2)c1
compound_3977958,O=C(Nc1ccc(OC(F)(F)F)cc1)c1cnc(N2CCCC(O)C2)c(-c2cccnc2)c1
compound_3983886,Cc1ccc(-c2cc(C(=O)Nc3ccc(OC(F)(F)F)cc3)cnc2N2CCCC(O)C2)cn1
compound_4113119,O=C(Nc1ccc(OC(F)(F)F)cc1)c1cnc(N2CCC[C@@H](O)C2)c(-c2cncnc2)c1
compound_4113562,O=C(Nc1ccc(OC(F)(F)F)cc1)c1cnc(N2CCC[C@@H](O)C2)c(-c2cccnc2)c1
compound_4109873,Cc1ccc(-c2cc(C(=O)Nc3ccc(OC(F)(F)F)cc3)cnc2N2CCC[C@@H](O)C2)cn1
compound_3910619,O=C(Nc1ccc(OC(F)(F)F)cc1)c1cnc(N2CCC[C@H](O)C2)c(-c2cncnc2)c1
compound_3910054,O=C(Nc1ccc(OC(F)(F)F)cc1)c1cnc(N2CCC[C@H](O)C2)c(-c2cccnc2)c1
compound_3897453,Cc1ccc(-c2cc(C(=O)Nc3ccc(OC(F)(F)F)cc3)cnc2N2CCC[C@H](O)C2)cn1
compound_3981125,Cc1ccc(-c2cc(C(=O)Nc3ccc(OC(F)(F)F)cc3)cnc2N2CC(O)C2)cn1
compound_3920051,CC1(O)CN(c2ncc(C(=O)Nc3ccc(OC(F)(F)F)cc3)cc2-c2cncnc2)C1
compound_3986284,Cc1ncc(-c2cc(C(=O)Nc3ccc(OC(F)(F)F)cc3)cnc2N2CC(C)(O)C2)cn1
compound_3933211,CC1(O)CN(c2ncc(C(=O)Nc3ccc(OC(F)(F)F)cc3)cc2-c2cccnc2)C1
compound_3905198,Cc1ccc(-c2cc(C(=O)Nc3ccc(OC(F)(F)F)cc3)cnc2N2CC(C)(O)C2)cn1
compound_3983928,
compound_3939870,Cc1ncc(-c2cc(C(=O)Nc3ccc(OC(F)(F)F)cc3)cnc2N2CC(C)(O)C2)cc1F
compound_3944291,CC1(O)CN(c2ncc(C(=O)Nc3ccc(OC(F)(F)F)cc3)cc2-c2cnc(Cl)c(F)c2)C1
compound_3896096,O=C(Nc1ccc(OC(F)(F)F)cc1)c1cnc(N2CC(CO)C2)c(-c2cccnc2)c1
compound_3970809,Cc1ncc(-c2cc(C(=O)Nc3ccc(OC(F)(F)F)cc3)cnc2N2CC(CO)C2)cn1
compound_3937265,Cc1ccc(-c2cc(C(=O)Nc3ccc(OC(F)(F)F)cc3)cnc2N2CC(CO)C2)cn1
compound_3908712,O=C(Nc1ccc(OC(F)(F)F)cc1)c1cnc(N2CC(CO)C2)c(-c2cncc(F)c2)c1
compound_3977018,Cc1ncc(-c2cc(C(=O)Nc3ccc(OC(F)(F)F)cc3)cnc2N2CC(CO)C2)cc1F
compound_3906333,O=C(Nc1ccc(OC(F)(F)F)cc1)c1cnc(N2CC(CO)C2)c(-c2cnc(Cl)c(F)c2)c1
compound_3903302,CC(C)(O)C1CN(c2ncc(C(=O)Nc3ccc(OC(F)(F)F)cc3)cc2-c2cncnc2)C1
compound_3970905,CC(C)(O)C1CN(c2ncc(C(=O)Nc3ccc(OC(F)(F)F)cc3)cc2-c2cccnc2)C1
compound_3918681,Cc1ccc(-c2cc(C(=O)Nc3ccc(OC(F)(F)F)cc3)cnc2N2CC(C(C)(C)O)C2)cn1
compound_3965771,O=C(Nc1ccc(OC(F)(F)F)cc1)c1cnc(N2CCCNCC2)c(-c2cccnc2)c1
compound_3908795,O=C(Nc1ccc(OC(F)(F)F)cc1)c1cnc(N2CCOCC2)c(-c2cnccn2)c1
compound_3979129,O=C(Nc1ccc(OC(F)(F)F)cc1)c1cnc(N2CCOCC2)c(-c2ccc(CO)nc2)c1
compound_3955429,CN(CCO)c1ncc(C(=O)Nc2ccc(OC(F)(F)F)cc2)cc1-c1cncnc1
compound_3890630,CCN(CCO)c1ncc(C(=O)Nc2ccc(OC(F)(F)F)cc2)cc1-c1cncnc1
compound_3892952,O=C(Nc1ccc(OC(F)(F)F)cc1)c1cnc(NCCCO)c(-c2cncnc2)c1
compound_3969039,CN(CCCO)c1ncc(C(=O)Nc2ccc(OC(F)(F)F)cc2)cc1-c1cncnc1
compound_3900732,O=C(Nc1ccc(OC(F)(F)Cl)cc1)c1cnc(N2CC[C@H](O)C2)c(-c2cncnc2)c1
compound_4110570,O=C(Nc1ccc(OC(F)(F)Cl)cc1)c1cnc(N2CC[C@@H](O)C2)c(-c2cncnc2)c1
compound_4106838,O=C(Nc1ccc(OC(F)(F)Cl)cc1)c1cnc(N2CC[C@@H](O)C2)c(-c2cncc(F)c2)c1
compound_4108934,O=C(Nc1ccc(OC(F)(F)Cl)cc1)c1cnc(N2CC[C@@H](O)C2)c(-c2cccnc2F)c1
compound_4107599,N#Cc1cncc(-c2cc(C(=O)Nc3ccc(OC(F)(F)Cl)cc3)cnc2N2CC[C@@H](O)C2)c1
compound_3937661,O=C(Nc1ccc(OC(F)(F)Cl)cc1)c1cnc(N2CC[C@H](CO)C2)c(-c2cncnc2)c1
compound_3908797,O=C(Nc1ccc(OC(F)(F)Cl)cc1)c1cnc(N2CC[C@H](CO)C2)c(-c2cncc(F)c2)c1
compound_3951931,N#Cc1cncc(-c2cc(C(=O)Nc3ccc(OC(F)(F)Cl)cc3)cnc2N2CC[C@H](CO)C2)c1
compound_3944135,NC[C@@H]1CCN(c2ncc(C(=O)Nc3ccc(OC(F)(F)Cl)cc3)cc2-c2cncnc2)C1
compound_4113008,CC(=O)NC[C@H]1CCN(c2ncc(C(=O)Nc3ccc(OC(F)(F)Cl)cc3)cc2-c2cncnc2)C1
compound_3911446,O=C(Nc1ccc(SC(F)(F)F)cc1)c1cnc(N2CC[C@H](O)C2)c(-c2cncnc2)c1
compound_4106732,O=C(Nc1ccc(SC(F)(F)F)cc1)c1cnc(N2CC[C@@H](O)C2)c(-c2cncnc2)c1
compound_4113224,O=C(Nc1ccc(SC(F)(F)F)cc1)c1cnc(N2CC[C@@H](O)C2)c(-c2cncc(F)c2)c1
compound_4107050,N#Cc1cncc(-c2cc(C(=O)Nc3ccc(SC(F)(F)F)cc3)cnc2N2CC[C@@H](O)C2)c1
compound_3911270,O=C(Nc1ccc(SC(F)(F)F)cc1)c1cnc(N2CC[C@H](CO)C2)c(-c2cncnc2)c1
compound_3971948,O=C(Nc1ccc(SC(F)(F)F)cc1)c1cnc(N2CC[C@H](CO)C2)c(-c2cncc(F)c2)c1
compound_3945801,N#Cc1cncc(-c2cc(C(=O)Nc3ccc(SC(F)(F)F)cc3)cnc2N2CC[C@H](CO)C2)c1
compound_4115148,O=C(Nc1ccc(OC(F)(F)F)c(F)c1)c1cnc(N2CC[C@@H](O)C2)c(-c2cncnc2)c1
compound_4110628,O=C(Nc1ccc(OC(F)(F)F)c(F)c1)c1cnc(N2CC[C@@H](O)C2)c(-c2cncc(F)c2)c1
compound_4111003,N#Cc1cncc(-c2cc(C(=O)Nc3ccc(OC(F)(F)F)c(F)c3)cnc2N2CC[C@@H](O)C2)c1
compound_3951459,O=C(Nc1ccc(OC(F)(F)F)c(F)c1)c1cnc(N2CC[C@H](CO)C2)c(-c2cncnc2)c1
compound_3924434,O=C(Nc1ccc(OC(F)(F)F)c(F)c1)c1cnc(N2CC[C@H](CO)C2)c(-c2cncc(F)c2)c1
compound_3973518,N#Cc1cncc(-c2cc(C(=O)Nc3ccc(OC(F)(F)F)c(F)c3)cnc2N2CC[C@H](CO)C2)c1
compound_4113417,O=C(Nc1ccc(OC(F)(F)F)c(Cl)c1)c1cnc(N2CC[C@@H](O)C2)c(-c2cncnc2)c1
compound_4112381,O=C(Nc1ccc(SC(F)(F)F)c(F)c1)c1cnc(N2CC[C@@H](O)C2)c(-c2cncnc2)c1
compound_4107476,O=C(Nc1ccc(SC(F)(F)F)c(F)c1)c1cnc(N2CC[C@@H](O)C2)c(-c2cncc(F)c2)c1
compound_4108244,N#Cc1cncc(-c2cc(C(=O)Nc3ccc(SC(F)(F)F)c(F)c3)cnc2N2CC[C@@H](O)C2)c1
compound_4107401,O=C(Nc1ccc(C(F)(F)C(F)(F)F)cc1)c1cnc(N2CC[C@@H](O)C2)c(-c2cncnc2)c1
compound_4107521,O=C(Nc1ccc(C(F)(F)C(F)(F)F)cc1)c1cnc(N2CC[C@@H](O)C2)c(-c2cncc(F)c2)c1
compound_4110425,N#Cc1cncc(-c2cc(C(=O)Nc3ccc(C(F)(F)C(F)(F)F)cc3)cnc2N2CC[C@@H](O)C2)c1
compound_4107125,O=C(Nc1ccc(SC(F)F)cc1)c1cnc(N2CC[C@@H](O)C2)c(-c2cncnc2)c1
compound_4113196,O=C(Nc1ccc(OC(F)(F)C(F)F)cc1)c1cnc(N2CC[C@@H](O)C2)c(-c2cncc(F)c2)c1
compound_4108599,Cc1ccc(-c2cc(C(=O)Nc3ccc(OC(F)(F)C(F)F)cc3)cnc2N2CC[C@@H](O)C2)cn1
compound_4106446,O=C(Nc1ccc(S(=O)(=O)C(F)(F)F)cc1)c1cnc(N2CC[C@@H](O)C2)c(-c2cncnc2)c1
compound_4108925,CC(F)(F)Oc1ccc(NC(=O)c2cnc(N3CC[C@@H](O)C3)c(-c3cncnc3)c2)cc1
compound_5767231,O=C(Nc1ccc(S(F)(F)(F)(F)F)cc1)c1cnc(N2CC[C@@H](O)C2)c(-c2cncnc2)c1
compound_4108373,O=C(Nc1ccc(SC(F)(F)Cl)cc1)c1cnc(N2CC[C@@H](O)C2)c(-c2cncnc2)c1
compound_4106602,O=C(Nc1ccc(SC(F)(F)Cl)cc1)c1cnc(N2CC[C@@H](O)C2)c(-c2cncc(F)c2)c1
compound_4111182,CC(C)(C)Oc1ccc(NC(=O)c2cnc(N3CC[C@@H](O)C3)c(-c3cncnc3)c2)cc1
compound_4114156,O=C(Nc1ccc(OC(F)(F)C(F)(F)F)cc1)c1cnc(N2CC[C@@H](O)C2)c(-c2cncnc2)c1
compound_4115097,O=C(Nc1ccc(OC(F)(F)C(F)(F)F)cc1)c1cnc(N2CC[C@@H](O)C2)c(-c2cncc(F)c2)c1
compound_4110478,O=C(Nc1ccc([S+]([O-])C(F)(F)F)cc1)c1cnc(N2CC[C@@H](O)C2)c(-c2cncc(F)c2)c1
compound_4109082,N[C@]1(C(F)(F)F)CCN(c2ncc(C(=O)Nc3ccc(OC(F)(F)F)cc3)cc2-c2cncnc2)C1
compound_3961140,O=C(Nc1ccc(OC(F)(F)F)cc1)c1cnc(N2CCC(F)(F)C2)c(-c2cncnc2)c1
compound_3892160,CN(C)[C@H]1CN(c2ncc(C(=O)Nc3ccc(OC(F)(F)F)cc3)cc2-c2cncnc2)C[C@@H]1O
compound_3915545,N[C@@H]1[C@H]2CN(c3ncc(C(=O)Nc4ccc(OC(F)(F)F)cc4)cc3-c3cncnc3)C[C@@H]12
compound_3977220,O=C(Nc1ccc(OC(F)(F)F)cc1)c1cnc(N2Cc3cn[nH]c3C2)c(-c2cncnc2)c1
compound_3894547,O=C(Nc1ccc(OC(F)(F)F)cc1)c1cnc(N2CCNC3(CC3)C2)c(-c2cncnc2)c1
compound_3918845,O=C(Nc1ccc(OC(F)(F)F)cc1)c1cnc(N2CCOC(CO)C2)c(-c2cncnc2)c1
compound_3905480,NC1CN(c2ncc(C(=O)Nc3ccc(OC(F)(F)F)cc3)cc2-c2cncnc2)C1
compound_3902865,O=C(Nc1ccc(OC(F)(F)F)cc1)c1cnc(N2CCCOCC2)c(-c2cncnc2)c1
compound_4111760,O=C(Nc1ccc(OC(F)(F)F)cc1)c1cnc(N2CC[C@@H](O)C2)c(-c2cncc(C(F)(F)F)c2)c1
compound_3890327,O=C(Nc1ccc(OC(F)(F)F)cc1)c1cnc(N2C[C@@H](O)[C@@H](O)C2)c(-c2cncc(F)c2)c1
compound_3912930,CN(C)[C@H]1CN(c2ncc(C(=O)Nc3ccc(OC(F)(F)F)cc3)cc2-c2cncc(F)c2)C[C@@H]1O
compound_3909587,NCC1CN(c2ncc(C(=O)Nc3ccc(OC(F)(F)F)cc3)cc2-c2cncc(F)c2)CC1O
compound_3932037,NC1CN(c2ncc(C(=O)Nc3ccc(OC(F)(F)F)cc3)cc2-c2cncc(F)c2)C1
compound_4107241,N#Cc1ccncc1-c1cc(C(=O)Nc2ccc(OC(F)(F)F)cc2)cnc1N1CC[C@@H](O)C1
compound_4114006,Nc1ncc(-c2cc(C(=O)Nc3ccc(OC(F)(F)F)cc3)cnc2N2CC[C@@H](O)C2)cc1F
compound_4114540,O=C(Nc1ccc(OC(F)(F)F)cc1)c1cnc(N2CC[C@@H](O)C2)c(-c2cc(F)nc(F)c2)c1
compound_4107045,O=C(Nc1ccc(OC(F)(F)Cl)cc1)c1ccc(N2CC[C@@H](O)C2)c(-c2cncnc2)c1
compound_3904200,O=C(Nc1ccc(OC(F)(F)Cl)cc1)c1ccc(N2C[C@H](O)[C@@H](O)C2)c(-c2cncnc2)c1
compound_3927811,N[C@H]1CN(c2ccc(C(=O)Nc3ccc(OC(F)(F)Cl)cc3)cc2-c2cncnc2)C[C@@H]1O
compound_3903657,O=C(Nc1ccc(OC(F)(F)Cl)cc1)c1cnc(N2CCC(F)(F)C2)c(-c2cncnc2)c1
compound_3898258,O=C(Nc1ccc(OC(F)(F)Cl)cc1)c1cnc(N2C[C@H](O)[C@@H](O)C2)c(-c2cncnc2)c1
compound_3942231,O=C(Nc1ccc(OC(F)(F)Cl)cc1)c1cnc(N2C[C@@H](O)[C@@H](O)C2)c(-c2cncnc2)c1
compound_4113112,O=C(Nc1ccc(OC(F)(F)Cl)cc1)c1cnc(N2C[C@H](CO)[C@@H](O)C2)c(-c2cncnc2)c1
compound_3941486,CN(C)[C@H]1CN(c2ncc(C(=O)Nc3ccc(OC(F)(F)Cl)cc3)cc2-c2cncnc2)C[C@@H]1O
compound_3931127,NC12CC1CN(c1ncc(C(=O)Nc3ccc(OC(F)(F)Cl)cc3)cc1-c1cncnc1)C2
compound_3900938,N[C@@H]1[C@H]2CN(c3ncc(C(=O)Nc4ccc(OC(F)(F)Cl)cc4)cc3-c3cncnc3)C[C@@H]12
compound_3986873,O=C(Nc1ccc(OC(F)(F)Cl)cc1)c1cnc(N2Cc3cn[nH]c3C2)c(-c2cncnc2)c1
compound_4113537,N[C@@H]1CCCN(c2ncc(C(=O)Nc3ccc(OC(F)(F)Cl)cc3)cc2-c2cncnc2)C1
compound_3942117,O=C(Nc1ccc(OC(F)(F)Cl)cc1)c1cnc(N2CCNC3(CC3)C2)c(-c2cncnc2)c1
compound_3943799,O=C(Nc1ccc(OC(F)(F)Cl)cc1)c1cnc(N2CC[C@@H](CO)[C@@H](O)C2)c(-c2cncnc2)c1
compound_3898364,O=C(Nc1ccc(OC(F)(F)Cl)cc1)c1cnc(N2CC(O)C2)c(-c2cncnc2)c1
compound_3917548,NC1CN(c2ncc(C(=O)Nc3ccc(OC(F)(F)Cl)cc3)cc2-c2cncnc2)C1
compound_3936682,O=C(Nc1ccc(OC(F)(F)Cl)cc1)c1cnc(N2CC(CO)C2)c(-c2cncnc2)c1
compound_3908742,O=C(Nc1ccc(OC(F)(F)Cl)cc1)c1cnc(N(CCO)CCO)c(-c2cncnc2)c1
compound_3928323,Cc1ncc(-c2cc(C(=O)Nc3ccc(OC(F)(F)Cl)cc3)cnc2N2C[C@H](O)[C@@H](O)C2)cn1
PAINS_002,O=C1C=CC(=O)C=C1
compound_4114621,Cc1ncncc1-c1cc(C(=O)Nc2ccc(OC(F)(F)Cl)cc2)cnc1N1CC[C@@H](O)C1
compound_3915875,O=C(Nc1ccc(OC(F)(F)Cl)cc1)c1cnc(N2C[C@@H](O)[C@@H](O)C2)c(-c2cncc(F)c2)c1
compound_3943826,O=C(Nc1ccc(OC(F)(F)Cl)cc1)c1cnc(N2C[C@H](O)[C@@H](O)C2)c(-c2cncc(F)c2)c1
compound_3906897,N[C@H]1CN(c2ncc(C(=O)Nc3ccc(OC(F)(F)Cl)cc3)cc2-c2cncc(F)c2)C[C@@H]1O
compound_3938427,NCC1CN(c2ncc(C(=O)Nc3ccc(OC(F)(F)Cl)cc3)cc2-c2cncc(F)c2)CC1O
compound_3901435,N#Cc1cncc(-c2cc(C(=O)Nc3ccc(OC(F)(F)Cl)cc3)cnc2N2C[C@@H](O)[C@@H](O)C2)c1
compound_3929380,N#Cc1cncc(-c2cc(C(=O)Nc3ccc(OC(F)(F)Cl)cc3)cnc2N2C[C@H](O)[C@@H](O)C2)c1
compound_4113303,Cc1ncccc1-c1cc(C(=O)Nc2ccc(OC(F)(F)Cl)cc2)cnc1N1CC[C@@H](O)C1
compound_4112697,Nc1ncc(-c2cc(C(=O)Nc3ccc(OC(F)(F)Cl)cc3)cnc2N2CC[C@@H](O)C2)cc1F
compound_4108263,O=C(Nc1ccc(OC(F)(F)Cl)cc1)c1cnc(N2CC[C@@H](O)C2)c(-c2cc(F)cnc2F)c1
compound_4108403,O=C(Nc1ccc(OC(F)(F)Cl)cc1)c1cnc(N2CC[C@@H](O)C2)c(-c2cc(F)nc(F)c2)c1
compound_4107740,N#Cc1ccncc1-c1cc(C(=O)Nc2ccc(OC(F)(F)Cl)cc2)cnc1N1CC[C@@H](O)C1
compound_4113279,CC(F)(F)Oc1ccc(NC(=O)c2cnc(N3CC[C@@H](O)C3)c(-c3cncc(F)c3)c2)cc1
compound_4109719,CC(F)(F)Oc1ccc(NC(=O)c2cnc(N3CC[C@@H](O)C3)c(-c3cncc(C#N)c3)c2)cc1
compound_6010910,O=C(Nc1ccc(S(F)(F)(F)(F)F)cc1)c1cnc(N2CC[C@@H](O)C2)c(-c2cncc(F)c2)c1
compound_4108652,O=C(Nc1ccc(C(F)(F)C(F)(F)Cl)cc1)c1cnc(N2CC[C@@H](O)C2)c(-c2cncnc2)c1
compound_4108470,O=C(Nc1ccc(SC(F)(F)F)nc1)c1cnc(N2CC[C@@H](O)C2)c(-c2cncnc2)c1
compound_4111359,O=C(Nc1ccc(OC(F)(F)Cl)cc1)c1cnc(N2CC[C@@H](O)C2)c(-c2cnccc2F)c1
compound_3980432,CO[C@H]1CN(c2ncc(C(=O)Nc3ccc(OC(F)(F)Cl)cc3)cc2-c2cncc(F)c2)C[C@@H]1N
compound_3952608,CO[C@H]1CN(c2ncc(C(=O)Nc3ccc(OC(F)(F)F)cc3)cc2-c2cncc(F)c2)C[C@@H]1N
compound_4113344,N[C@]1(C(F)(F)F)CCN(c2ncc(C(=O)Nc3ccc(OC(F)(F)Cl)cc3)cc2-c2cncnc2)C1
compound_3933733,N#Cc1ccncc1-c1cc(C(=O)Nc2ccc(OC(F)(F)Cl)cc2)cnc1N1C[C@H](O)[C@@H](O)C1
compound_3891044,NC12CC1CN(c1ncc(C(=O)Nc3ccc(OC(F)(F)F)cc3)cc1-c1cncnc1)C2
compound_3892443,O=C(Nc1ccc(OC(F)(F)F)cc1)c1cnc(N2CC3CN(CCO)CC3C2)c(-c2cncnc2)c1
compound_4110855,Cc1ncncc1-c1cc(C(=O)Nc2ccc(OC(F)(F)Cl)cc2)cnc1N1C[C@@H](O)[C@H](O)C1
compound_4108311,N#Cc1ccc(F)cc1-c1cc(C(=O)Nc2ccc(OC(F)(F)Cl)cc2)cnc1N1CC[C@@H](O)C1
compound_4108852,O=C(Nc1ccc(OC(F)(F)Cl)cc1)c1cnc(N2CC[C@@H](O)C2)c(-c2cc(F)cnc2Cl)c1
compound_4112072,Cc1ccncc1-c1cc(C(=O)Nc2ccc(OC(F)(F)Cl)cc2)cnc1N1CC[C@@H](O)C1
compound_4108718,N#Cc1ncc(F)cc1-c1cc(C(=O)Nc2ccc(OC(F)(F)Cl)cc2)cnc1N1CC[C@@H](O)C1
compound_4114635,Cc1ccc(F)cc1-c1cc(C(=O)Nc2ccc(OC(F)(F)Cl)cc2)cnc1N1CC[C@@H](O)C1
compound_4111156,N#Cc1ccc(F)c(-c2cc(C(=O)Nc3ccc(OC(F)(F)Cl)cc3)cnc2N2CC[C@@H](O)C2)c1
compound_3949052,Cc1ccc(F)cc1-c1cc(C(=O)Nc2ccc(OC(F)(F)Cl)cc2)cnc1N1C[C@H](O)[C@@H](O)C1
compound_4107033,COc1ncc(-c2cc(C(=O)Nc3ccc(OC(F)(F)Cl)cc3)cnc2N2CC[C@@H](O)C2)c(OC)n1
compound_4111085,COc1ncc(-c2cc(C(=O)Nc3ccc(OC(F)(F)Cl)cc3)cnc2N2CC[C@@H](O)C2)cc1C#N
compound_3897706,Cc1ncncc1-c1cc(C(=O)Nc2ccc(OC(F)(F)Cl)cc2)cnc1N1C[C@H](O)[C@@H](O)C1
compound_3956542,O=C(Nc1ccc(OC(F)(F)F)cc1)c1cccc(-c2cncnc2)c1
compound_3973934,O=C(Nc1ccc(OC(F)(F)F)cc1)c1cccc(-c2cnc(OCCO)nc2)c1
compound_3944484,N#Cc1cncc(-c2cccc(C(=O)Nc3ccc(OC(F)(F)F)cc3)c2)c1
compound_3903055,Nc1cnc(-c2cccc(C(=O)Nc3ccc(OC(F)(F)F)cc3)c2)cn1
compound_3976713,N#Cc1cncc(-c2cc(C(=O)Nc3ccc(OC(F)(F)F)cc3)cnc2N2CC[C@H](CO)C2)c1
compound_3978018,O=C(Nc1ccc(OC(F)(F)F)cc1)c1cccc(-c2cnccn2)c1
compound_3953864,O=C(Nc1ccc(OC(F)(F)Cl)cc1)c1cccc(-c2cncnc2)c1
compound_3893615,COc1ncc(-c2cc(C(=O)Nc3ccc(OC(F)(F)F)cc3)ccc2C)cn1
compound_3976713,N#Cc1cncc(-c2cc(C(=O)Nc3ccc(OC(F)(F)F)cc3)cnc2N2CC[C@H](CO)C2)c1
compound_3935043,Cc1ccc(C(=O)Nc2ccc(OC(F)(F)F)cc2)cc1-c1cncnc1
compound_3962532,Cc1ccc(C(=O)Nc2ccc(OC(F)(F)F)cc2)cc1-c1cccnc1
compound_3950377,Cc1ccc(C(=O)Nc2ccc(OC(F)(F)F)cc2)cc1-c1cncs1
compound_3890053,O=C(Nc1ccc(OC(F)(F)F)cc1)c1ccc(F)c(-c2cncnc2)c1
compound_3962584,COc1ncc(-c2cc(C(=O)Nc3ccc(OC(F)(F)F)cc3)ccc2F)cn1
compound_3966024,O=C(Nc1ccc(OC(F)(F)F)cc1)c1ccc(F)c(-c2cccnc2)c1
compound_3936180,O=C(Nc1ccc(OC(F)(F)F)cc1)c1ccc(F)c(-c2ccncc2)c1
compound_3941662,O=C(Nc1ccc(OC(F)(F)F)cc1)c1ccc(F)c(-c2cc[nH]n2)c1
compound_3986601,O=C(Nc1ccc(OC(F)(F)F)cc1)c1ccc(Cl)c(-c2cncnc2)c1
compound_3912888,COc1ncc(-c2cc(C(=O)Nc3ccc(OC(F)(F)F)cc3)ccc2Cl)cn1
compound_3935589,O=C(Nc1ccc(OC(F)(F)F)cc1)c1ccc(Cl)c(-c2cccnc2)c1
compound_3898136,O=C(Nc1ccc(OC(F)(F)F)cc1)c1ccc(Cl)c(-c2ccncc2)c1
compound_3946836,O=C(Nc1ccc(OC(F)(F)F)cc1)c1ccc(Cl)c(-c2cc[nH]n2)c1
compound_3915183,COc1ccc(C(=O)Nc2ccc(OC(F)(F)F)cc2)cc1-c1cncnc1
compound_3941523,COc1ccc(C(=O)Nc2ccc(OC(F)(F)F)cc2)cc1-c1cccnc1
compound_3964661,COc1ccc(C(=O)Nc2ccc(OC(F)(F)F)cc2)cc1-c1ccc(F)nc1
compound_3952623,COc1ccc(C(=O)Nc2ccc(OC(F)(F)F)cc2)cc1-c1ccncc1
compound_3939263,COc1ccc(C(=O)Nc2ccc(OC(F)(F)F)cc2)cc1-c1cc[nH]n1
compound_3950645,O=C(Nc1ccc(OC(F)(F)F)cc1)c1ccc(OCCN2CCOCC2)c(-c2cncnc2)c1
compound_3935357,O=C(Nc1ccc(OC(F)(F)F)cc1)c1ccc(OCCO)c(-c2cncnc2)c1
compound_3959348,CC(C)CN1CCN(CCOc2ccc(C(=O)Nc3ccc(OC(F)(F)F)cc3)cc2-c2cncnc2)CC1
compound_3908521,O=C(Nc1ccc(OC(F)(F)F)cc1)c1ccc(OCCN2CCCC2)c(-c2cncnc2)c1
compound_3936467,O=C(Nc1ccc(OC(F)(F)F)cc1)c1ccc(O)c(-c2cncnc2)c1
compound_3913939,O=C(Nc1ccc(OC(F)(F)F)cc1)c1cncc(-c2cncnc2)c1
compound_3945358,Cc1ncc(C(=O)Nc2ccc(OC(F)(F)F)cc2)cc1-c1cncnc1
compound_3987130,O=C(Nc1ccc(OC(F)(F)F)cc1)c1cnc(C2=CCOCC2)c(-c2cncnc2)c1
compound_3917389,O=C(Nc1ccc(OC(F)(F)F)cc1)c1cnc(C2CCOCC2)c(-c2cncnc2)c1
compound_3981919,CC(C)(C#N)c1ncc(C(=O)Nc2ccc(OC(F)(F)F)cc2)cc1-c1cncnc1
compound_3977121,COc1ncc(C(=O)Nc2ccc(OC(F)(F)F)cc2)cc1-c1cncnc1
compound_3957513,O=C(Nc1ccc(OC(F)(F)F)cc1)c1cnc(OCCNCCO)c(-c2cncnc2)c1
compound_3933477,COCCOc1ncc(C(=O)Nc2ccc(OC(F)(F)F)cc2)cc1-c1cncnc1
compound_3948857,O=C(Nc1ccc(OC(F)(F)F)cc1)c1cnc(OCCO)c(-c2cncnc2)c1
compound_3921051,O=C(Nc1ccc(OC(F)(F)F)cc1)c1cnc(OC2CCOCC2)c(-c2cncnc2)c1
compound_3932245,O=C(Nc1ccc(OC(F)(F)F)cc1)c1cnc(Cl)c(-c2cncnc2)c1
PAINS_004,Oc1ccc(O)c(O)c1
compound_3965671,O=C(Nc1ccc(OC(F)(F)F)cc1)c1cnc(C(F)(F)F)c(-c2cncnc2)c1
compound_3926819,CCOc1ncc(C(=O)Nc2ccc(OC(F)(F)F)cc2)cc1-c1cncnc1
compound_3979039,Nc1ncc(-c2cncc(C(=O)Nc3ccc(OC(F)(F)F)cc3)c2)cn1
compound_3941239,COc1ncccc1-c1cncc(C(=O)Nc2ccc(OC(F)(F)F)cc2)c1
compound_3970802,O=C(Nc1ccc(OC(F)(F)F)cc1)c1cncc(-c2cccnc2O)c1
compound_3923412,O=C(Nc1ccc(OC(F)(F)Cl)cc1)c1cnc(OC2CCOCC2)c(-c2cncnc2)c1
compound_3959861,COC(=O)c1ccc(C(=O)Nc2ccc(OC(F)(F)F)cc2)cc1-c1cncnc1
compound_3928833,COc1ncc(-c2cc(C(=O)Nc3ccc(OC(F)(F)F)cc3)ccn2)cn1
compound_3967484,O=C(Nc1ccc(OC(F)(F)F)cc1)c1ccnc(-c2cncnc2)c1
compound_3975996,O=C(Nc1ccc(OC(F)(F)F)cc1)c1cc(-c2cncnc2)ccn1
compound_3889746,O=C(Nc1ccc(OC(F)(F)F)cc1)c1cncc(-c2cccnc2)c1
compound_3943529,N#CC1(c2ncc(C(=O)Nc3ccc(OC(F)(F)F)cc3)cc2-c2cncnc2)CCOCC1
compound_3951132,CC(C)(O)c1ncc(C(=O)Nc2ccc(OC(F)(F)F)cc2)cc1-c1cncnc1
compound_3958784,O=C(Nc1ccc(OC(F)(F)F)cc1)c1cncc(-c2cncc(F)c2)c1
compound_3901009,O=C(Nc1ccc(OC(F)(F)F)cc1)c1cnc(Cl)c(-c2cncc(F)c2)c1
compound_3910059,O=C(Nc1ccc(OC(F)(F)F)cc1)c1cnc(Cl)c(-c2cccnc2)c1
compound_4111774,O=C(Nc1ccc(OC(F)(F)F)cc1)c1ccc(N2CC[C@@H](O)C2)c(-c2cncs2)c1
compound_4108880,O=C(Nc1ccc(OC(F)(F)F)cc1)c1cnc(N2CC[C@@H](O)C2)c(-c2ccc[nH]2)c1
compound_4109844,O=C(Nc1ccc(OC(F)(F)F)cc1)c1cnc(N2CC[C@@H](O)C2)c(-c2ccoc2)c1
compound_4108473,O=C(Nc1ccc(OC(F)(F)F)cc1)c1cnc(N2CC[C@@H](O)C2)c(-c2cnoc2)c1
compound_4112690,O=C(Nc1ccc(OC(F)(F)F)cc1)c1cnc(N2CC[C@@H](O)C2)c(-c2nccs2)c1
compound_4110991,O=C(Nc1ccc(OC(F)(F)F)cc1)c1cnc(N2CC[C@@H](O)C2)c(-c2cncs2)c1
compound_4106581,Cc1ncc(-c2cc(C(=O)Nc3ccc(OC(F)(F)F)cc3)cnc2N2CC[C@@H](O)C2)s1
compound_4112551,O=C(Nc1ccc(OC(F)(F)F)cc1)c1cnc(N2CC[C@@H](O)C2)c(-c2csc(CO)c2)c1
compound_3921587,C[C@]1(O)CCN(c2ncc(C(=O)Nc3ccc(OC(F)(F)F)cc3)cc2-c2ccn[nH]2)C1
compound_4114922,C[C@@]1(O)CCN(c2ncc(C(=O)Nc3ccc(OC(F)(F)F)cc3)cc2-c2ccn[nH]2)C1
compound_3923154,O=C(Nc1ccc(OC(F)(F)F)cc1)c1cnc(N2CCCC2)c(-c2ccn[nH]2)c1
compound_3897019,Cc1ncc(-c2cc(C(=O)Nc3ccc(OC(F)(F)F)cc3)cnc2N2CC[C@H](CO)C2)s1
compound_4108670,O=C(Nc1ccc(OC(F)(F)F)cc1)c1cnc(N2C[C@H](CO)[C@@H](O)C2)c(-c2cncs2)c1
compound_3899632,O=C(Nc1ccc(OC(F)(F)F)cc1)c1cnc(N2CCOCC2)c(-c2ccn[nH]2)c1
compound_4110588,O=C(Nc1ccc(OC(F)(F)Cl)cc1)c1cnc(N2CC[C@@H](O)C2)c(-c2ccc[nH]2)c1
compound_4106490,O=C(Nc1ccc(SC(F)(F)F)cc1)c1cnc(N2CC[C@@H](O)C2)c(-c2ccc[nH]2)c1
compound_4108980,N#Cc1ccc(-c2cc(C(=O)Nc3ccc(OC(F)(F)F)cc3)cnc2N2CC[C@@H](O)C2)[nH]1
compound_3909373,N#Cc1ccc(-c2cc(C(=O)Nc3ccc(OC(F)(F)F)cc3)cnc2N2C[C@H](O)[C@@H](O)C2)[nH]1
compound_3979517,NC12CC1CN(c1ncc(C(=O)Nc3ccc(OC(F)(F)F)cc3)cc1-c1ccn[nH]1)C2
compound_3905223,N[C@@H]1[C@H]2CN(c3ncc(C(=O)Nc4ccc(OC(F)(F)F)cc4)cc3-c3ccn[nH]3)C[C@@H]12
compound_3982715,O=C(Nc1ccc(OC(F)(F)F)cc1)c1cnc(N2CCOC(CO)C2)c(-c2ccn[nH]2)c1
compound_3957410,O=C(Nc1ccc(OC(F)(F)F)cc1)c1cnc(N2CC(O)C2)c(-c2ccn[nH]2)c1
compound_3930961,O=C(Nc1ccc(OC(F)(F)F)cc1)c1cnc(N2CC(CO)C2)c(-c2ccn[nH]2)c1
compound_3969546,CC1(O)CN(c2ncc(C(=O)Nc3ccc(OC(F)(F)F)cc3)cc2-c2ccn[nH]2)C1
compound_3936417,Cc1cc(-c2cc(C(=O)Nc3ccc(OC(F)(F)F)cc3)cnc2N2CC(O)C2)[nH]n1
compound_3951572,Cc1cc(-c2cc(C(=O)Nc3ccc(OC(F)(F)F)cc3)cnc2N2CC(CO)C2)[nH]n1
compound_3963812,N#Cc1cc(-c2cc(C(=O)Nc3ccc(OC(F)(F)F)cc3)cnc2N2CCCC2)[nH]n1
compound_4114855,N#Cc1ccc(-c2cc(C(=O)Nc3ccc(OC(F)(F)Cl)cc3)cnc2N2CC[C@@H](O)C2)[nH]1
compound_4112901,Cn1c(C#N)ccc1-c1cc(C(=O)Nc2ccc(OC(F)(F)Cl)cc2)cnc1N1CC[C@@H](O)C1
compound_3950047,O=C(Nc1ccc(OC(F)(F)Cl)cc1)c1cnc(N2CC(O)C2)c(-c2ccn[nH]2)c1
compound_3967070,CC1(O)CN(c2ncc(C(=O)Nc3ccc(OC(F)(F)F)cc3)cc2-c2ncc[nH]2)C1
compound_3916467,CO[C@H]1CN(c2ncc(C(=O)Nc3ccc(OC(F)(F)F)cc3)cc2-c2ccn[nH]2)C[C@@H]1N
compound_3984212,O=C(Nc1ccc(OC(F)(F)Cl)cc1)c1cnc(N2CCC(O)CC2)c(-c2ccn[nH]2)c1
compound_3909037,O=C(Nc1ccc(OC(F)(F)Cl)cc1)c1cnc(N2CCC[C@H](O)C2)c(-c2ccn[nH]2)c1
compound_4110370,O=C(Nc1ccc(OC(F)(F)Cl)cc1)c1cnc(N2CCC[C@@H](O)C2)c(-c2ccn[nH]2)c1
compound_3903802,O=C(Nc1ccc(OC(F)(F)Cl)cc1)c1cnc(N2CC(O)C2)c(-c2[nH]ncc2F)c1
compound_3965179,Cc1cc(-c2cc(C(=O)Nc3ccc(OC(F)(F)Cl)cc3)cnc2N2CC(O)C2)[nH]n1
compound_4107596,N[C@]1(C(F)(F)F)CCN(c2ncc(C(=O)Nc3ccc(OC(F)(F)F)cc3)cc2-c2ccn[nH]2)C1
compound_3952900,O=C(Nc1ccc(OC(F)(F)F)cc1)c1cnc(N2CCCC2)c(-c2cc(CO)n[nH]2)c1
compound_4109885,O=C(Nc1ccc(OC(F)(F)F)cc1)c1cnc(N2CC[C@@H](O)C2)c(-c2ncc[nH]2)c1
compound_4114966,O=C(Nc1ccc(OC(F)(F)Cl)cc1)c1cnc(N2CC[C@@H](O)C2)c(-c2ncc[nH]2)c1
compound_4110085,Cc1cnc(-c2cc(C(=O)Nc3ccc(OC(F)(F)F)cc3)cnc2N2CC[C@@H](O)C2)[nH]1
compound_4115304,CN(C)C(=O)c1ccc(-c2cc(C(=O)Nc3ccc(OC(F)(F)Cl)cc3)cnc2N2CC[C@@H](O)C2)[nH]1
compound_3908439,O=C(Nc1ccc(OC(F)(F)F)cc1)c1cnc(N2C[C@H](O)[C@@H](F)C2)c(-c2ccn[nH]2)c1
compound_4162041,COC(=O)C1CCN(c2ncc(C(=O)Nc3ccc(OC(F)(F)Cl)cc3)cc2-c2ccn[nH]2)C1
compound_4217559,O=C(Nc1ccc(OC(F)(F)F)cc1)c1cnc(N2CC[C@@H](O)C2)c(-c2ccn[nH]2)c1
compound_4213152,O=C(Nc1ccc(OC(F)(F)Cl)cc1)c1cnc(N2CC[C@@H](O)C2)c(-c2[nH]ncc2F)c1
compound_4208229,O=C(Nc1ccc(OC(F)(F)Cl)cc1)c1cnc(N2CC[C@@H](O)C2)c(-c2cc[nH]n2)c1
compound_4247298,Cc1ccc(NC(=O)c2ccc(CN(CCN(C)C)C(=O)c3cccnc3)cc2)cc1Nc1nccc(-c2cccnc2)n1
compound_4519289,Cc1ccc(C(=O)Nc2ccc(CN3CCN(C)CC3)c(C(F)(F)F)c2)cc1C#Cc1ncc2cccnn12
compound_4632839,Cc1ccc(C(=O)Nc2cccc(N3CCN(C)CC3)c2)cc1Nc1nccc(-c2ccc(F)cc2)n1
compound_4635318,Cc1cn(-c2cc(CN3CCN(C)CC3)cc(NC(=O)c3ccc(C)c(Nc4nccc(-c5ccccc5)n4)c3)c2)cn1
compound_4642128,Cc1cn(-c2cc(NC(=O)c3ccc(C)c(Nc4nccc(-c5ccccc5)n4)c3)cc(N3CCN(C)CC3)c2)cn1
compound_4862792,O=C(Nc1nc2ccc(-c3ccccc3)cc2s1)[C@@H]1C[C@@H]1F
compound_4867416,Cc1ccccc1-c1ccc2nc(NC(=O)[C@@H]3C[C@@H]3F)sc2c1
compound_4878902,O=C(Nc1nc2ccc(-c3cccnc3)cc2s1)[C@@H]1C[C@@H]1F
compound_4847077,Cc1cccnc1-c1ccc2nc(NC(=O)[C@@H]3C[C@@H]3F)sc2c1
compound_4868998,Cc1ccncc1-c1ccc2nc(NC(=O)[C@@H]3C[C@@H]3F)sc2c1.Cl.Cl
compound_4868871,Cc1cnccc1-c1ccc2nc(NC(=O)[C@@H]3C[C@@H]3F)sc2c1
compound_4851470,Cc1ncccc1-c1ccc2nc(NC(=O)[C@@H]3C[C@@H]3F)sc2c1
compound_4849907,CC(=O)Nc1nc2ccc(-c3cnccc3C)cc2s1
compound_4870343,Cc1ccncc1-c1ccc2nc(N(C)C(=O)[C@@H]3C[C@@H]3F)sc2c1
compound_4869280,Cc1ccncc1-c1ccc2nc(NC(=O)C3CC3)sc2c1
compound_4860004,Cc1ccncc1-c1ccc2nc(NC(=O)C3CC3(F)F)sc2c1
compound_4854065,Cc1ccncc1-c1ccc2nc(NC(=O)[C@@H]3C[C@@H]3CO)sc2c1.O=CO
compound_4857973,Cc1ccncc1-c1ccc2nc(NC(=O)C3CCC3)sc2c1
compound_4862973,Cc1ccncc1-c1ccc2nc(NC(=O)[C@H]3C[C@H]3F)sc2c1.Cl.Cl
compound_4863574,Cc1ccncc1-c1ccc2nc(NC(=O)[C@@H]3C[C@H]3F)sc2c1.Cl.Cl
compound_4874824,Cc1ccncc1-c1ccc2nc(NC(=O)[C@H]3C[C@@H]3F)sc2c1.Cl.Cl
compound_4855185,Cc1ccncc1-c1cnc2nc(NC(=O)[C@@H]3C[C@@H]3F)sc2c1
compound_4877273,Cc1ccncc1-c1ccc2nc(NC(=O)[C@@H]3C[C@@H]3F)sc2n1
compound_4864169,Cc1ccncc1-c1cc(F)c2nc(NC(=O)[C@@H]3C[C@@H]3F)sc2c1.O=C(O)C(F)(F)F.O=C(O)C(F)(F)F
compound_4853083,Cc1ccncc1-c1cc2sc(NC(=O)[C@@H]3C[C@@H]3F)nc2cc1F.Cl.Cl
compound_4850262,COc1ccncc1-c1ccc2nc(NC(=O)[C@@H]3C[C@@H]3F)sc2c1
compound_4848867,O=C(Nc1nc2ccc(-c3cnccc3C(F)(F)F)cc2s1)[C@@H]1C[C@@H]1F.O=C(O)C(F)(F)F.O=C(O)C(F)(F)F
compound_4851636,O=C(Nc1nc2ccc(-c3cnccc3Cl)cc2s1)[C@@H]1C[C@@H]1F
compound_4872437,N#Cc1ccncc1-c1ccc2nc(NC(=O)[C@@H]3C[C@@H]3F)sc2c1.O=C(O)C(F)(F)F.O=C(O)C(F)(F)F
compound_4862702,Cc1c(F)cncc1-c1ccc2nc(NC(=O)[C@@H]3C[C@@H]3F)sc2c1
compound_4875711,Cc1ccnc(C)c1-c1ccc2nc(NC(=O)[C@@H]3C[C@@H]3F)sc2c1
compound_4868256,Cc1cc(C)c(-c2ccc3nc(NC(=O)[C@@H]4C[C@@H]4F)sc3c2)cn1.O=C(O)C(F)(F)F.O=C(O)C(F)(F)F
compound_4877718,Cc1cccc(F)c1-c1ccc2nc(NC(=O)[C@@H]3C[C@@H]3F)sc2c1
compound_4858104,Cc1cccc(Cl)c1-c1ccc2nc(NC(=O)[C@@H]3C[C@@H]3F)sc2c1.O=CO
compound_4874323,Cc1cccc(C)c1-c1ccc2nc(NC(=O)[C@@H]3C[C@@H]3F)sc2c1.O=CO
compound_4854140,O=C(Nc1nc2ccc(-c3cncnc3C(F)(F)F)cc2s1)[C@@H]1C[C@@H]1F
compound_4862019,Cc1ncnc(C)c1-c1ccc2nc(NC(=O)[C@@H]3C[C@@H]3F)sc2c1.Cl
compound_4868752,O=C(Nc1nc2ccc(-c3cc[nH]n3)cc2s1)[C@@H]1C[C@@H]1F
compound_4867502,Cc1c[nH]nc1-c1ccc2nc(NC(=O)[C@@H]3C[C@@H]3F)sc2c1
compound_4879160,Cc1ccsc1-c1ccc2nc(NC(=O)[C@@H]3C[C@@H]3F)sc2c1.Cl
compound_4849256,Cc1scnc1-c1ccc2nc(NC(=O)[C@@H]3C[C@@H]3F)sc2c1
compound_4849019,Cc1csc(-c2ccc3nc(NC(=O)[C@@H]4C[C@@H]4F)sc3c2)c1.Cl.Cl
compound_5178286,Cc1ccc(C(=O)Nc2ccc(CN3CCN(C)CC3)c(C(F)(F)F)c2)cc1C#Cc1cn(C)cn1
compound_5207077,Cc1ccc(C(=O)Nc2ccc(CN3CCN(C)CC3)c(C(F)(F)F)c2)cc1Nc1nccc(-c2cccnc2)n1
compound_5221049,Cc1ccc(C(=O)Nc2cc(N3CCN(C)CC3)cc(C(F)(F)F)c2)cc1Nc1cc(-c2cccnc2)ccn1
compound_5218915,Cc1ccc(C(=O)Nc2ccc(CN3CCN(C)CC3)c(C(F)(F)F)c2)cc1Nc1cc(-c2cccnc2)ccn1
compound_5219553,Cc1ccc(C(=O)Nc2ccc(CN3CCN(C)CC3)c(C(F)(F)F)c2)cc1Nc1cc(-c2cncnc2)ccn1
compound_5220995,Cc1ccc(C(=O)Nc2ccc(CN3CCN(C)CC3)c(C(F)(F)F)c2)cc1Nc1cc(-c2ccc(F)nc2)ccn1
compound_5218470,COc1ccc(-c2ccnc(Nc3cc(C(=O)Nc4ccc(CN5CCN(C)CC5)c(C(F)(F)F)c4)ccc3C)c2)cn1
compound_5287588,Cc1ccc(NC(=O)[C@H]2CC[C@H](CN3CCN(C)CC3)CC2)cc1Nc1nccc(-c2cccnc2)n1
compound_5275489,Cc1ccc(NC(=O)[C@@H]2CC[C@H](CN3CCN(C)CC3)C2)cc1Nc1nccc(-c2cccnc2)n1
compound_5273946,Cc1ccc(NC(=O)[C@H]2C[C@@H](CN3CCN(C)CC3)C2)cc1Nc1nccc(-c2cccnc2)n1
compound_5282860,Cc1ccc(NC(=O)[C@H]2C[C@H](CN3CCN(C)CC3)C2)cc1Nc1nccc(-c2cccnc2)n1
compound_5281225,Cc1ccc(NC(=O)[C@@H]2C[C@H]2CN2CCN(C)CC2)cc1Nc1nccc(-c2cccnc2)n1
compound_5271953,Cc1ccc(NC(=O)[C@H]2C[C@@H]2CN2CCN(C)CC2)cc1Nc1nccc(-c2cccnc2)n1
compound_5279557,Cc1ccc(NC(=O)C23CC(CN4CCN(C)CC4)(C2)C3)cc1Nc1nccc(-c2cccnc2)n1
compound_5269948,Cc1ccc(NC(=O)CCCCN2CCN(C)CC2)cc1Nc1nccc(-c2cccnc2)n1
compound_5266376,Cc1ccc(NC(=O)CCCCCN2CCN(C)CC2)cc1Nc1nccc(-c2cccnc2)n1
compound_5400152,Cc1cc(F)ncc1-c1ccc2nc(NC(=O)[C@@H]3C[C@@H]3F)sc2c1
compound_5428068,O=C(Nc1cn2cc(-c3ccccc3CCF)ccc2n1)[C@@H]1C[C@@H]1F
compound_4297478,Cc1ccc(C(=O)Nc2ccc(CN3CCN(C)CC3)c(C(F)(F)F)c2)cc1C#Cc1nnc2ccccn12
compound_5953681,Cc1ccc(C(=O)Nc2ccc(CN3CCN(C)CC3)c(C(F)(F)F)c2)cc1C#Cn1cnc2ccccc21
compound_5816115,Cc1ccc(C(=O)Nc2ccc(CN3CCN(C)CC3)c(C(F)(F)F)c2)cc1C#Cc1nnc2cccnn12
compound_1231370,CC(C)n1nc(Cc2cccc3ccccc23)c2c(N)ncnc21
compound_1785012,CC(C)n1nc(-c2ccc(Cl)c(Cl)c2)c2c(N)ncnc21
compound_1785014,CC(C)c1cccc(-c2nn(C(C)C)c3ncnc(N)c23)c1
compound_1785020,COc1ccc2cc(-c3nn(C(C)C)c4ncnc(N)c34)ccc2c1
compound_1785021,CCOc1ccc2cc(-c3nn(C(C)C)c4ncnc(N)c34)ccc2c1
compound_2079138,CC(C)Oc1ccc2cc(-c3nn(C(C)C)c4ncnc(N)c34)ccc2c1
compound_2079214,CCCOc1ccc2cc(-c3nn(C(C)C)c4ncnc(N)c34)ccc2c1
compound_2030553,COc1ccc2cc(-c3nn(CC4CCNCC4)c4ncnc(N)c34)ccc2c1
compound_2030554,CCOc1ccc2cc(-c3nn(CC4CCNCC4)c4ncnc(N)c34)ccc2c1
compound_2030555,Nc1ncnc2c1c(-c1cnc3ccccc3c1)nn2CC1CCNCC1
compound_2078800,CC(C)Oc1ccc2cc(-c3nn(CC4CCNCC4)c4ncnc(N)c34)ccc2c1
compound_2079231,CCCOc1ccc2cc(-c3nn(CC4CCNCC4)c4ncnc(N)c34)ccc2c1
compound_2079168,Nc1ncnc2c1c(-c1ccc3cc(OCc4ccccc4)ccc3c1)nn2CC1CCNCC1
compound_2079139,CCCCOc1ccc2cc(-c3nn(CC4CCNCC4)c4ncnc(N)c34)ccc2c1
compound_2079230,C=CCOc1ccc2cc(-c3nn(CC4CCNCC4)c4ncnc(N)c34)ccc2c1
compound_2079169,Nc1ncnc2c1c(-c1ccc3cc(OCc4ccccc4Cl)ccc3c1)nn2CC1CCNCC1
compound_2079317,Nc1ncnc2c1c(-c1ccc3cc(OCc4cccc(Cl)c4)ccc3c1)nn2CC1CCNCC1
compound_2079170,Nc1ncnc2c1c(-c1ccc3cc(OCc4ccc(Cl)cc4)ccc3c1)nn2CC1CCNCC1
compound_2078865,CC(C)n1nc(-c2ccc3cc(OCc4ccccc4)ccc3c2)c2c(N)ncnc21
compound_2079167,C=CCOc1ccc2cc(-c3nn(C(C)C)c4ncnc(N)c34)ccc2c1
compound_2079215,CC(C)COc1ccc2cc(-c3nn(C(C)C)c4ncnc(N)c34)ccc2c1
compound_2078805,CC(C)COc1ccc2cc(-c3nn(CC4CCNCC4)c4ncnc(N)c34)ccc2c1
compound_6047364,Nc1ncnc2c1c(-c1ccc(Cl)cc1)nn2CC1CCNCC1
compound_5755204,Cc1cc(-c2nn(CC3CCNCC3)c3ncnc(N)c23)ccc1-c1ccccc1
compound_5806976,Nc1ncnc2c1c(-c1ccc3oc(-c4ccccc4)nc3c1)nn2CC1CCNCC1
compound_5785484,CC(C)COc1ccc2cc(-c3nn(CC4CCN(C)CC4)c4ncnc(N)c34)ccc2c1
compound_3976713,N#Cc1cncc(-c2cc(C(=O)Nc3ccc(OC(F)(F)F)cc3)cnc2N2CC[C@H](CO)C2)c1
compound_3976713,N#Cc1cncc(-c2cc(C(=O)Nc3ccc(OC(F)(F)F)cc3)cnc2N2CC[C@H](CO)C2)c1
compound_2079229,COc1ccc2cc(-c3nn(C(C)(C)C)c4ncnc(N)c34)ccc2c1
compound_2030558,COc1ccc(-c2nn(CC3CCNCC3)c3ncnc(N)c23)cc1C
compound_2078781,Nc1ncnc2c1c(-c1ccccc1)nn2CC1CCNCC1
compound_2078876,CCOc1ccc2cc(-c3nn(CC4CCN(C)CC4)c4ncnc(N)c34)ccc2c1
compound_2079136,CC(C)n1nc(-c2cc3ccccc3[nH]2)c2c(N)ncnc21
compound_5932426,Cc1cccc2[nH]c(-c3nn(C(C)C)c4ncnc(N)c34)cc12
compound_2030556,CC(C)n1nc(-c2cc3c(Cl)cccc3[nH]2)c2c(N)ncnc21
compound_2079232,CCCCOc1ccc2cc(-c3nn(C(C)C)c4ncnc(N)c34)ccc2c1
compound_5983391,Cc1ccc(C)c(COc2ccc3cc(-c4nn(C(C)C)c5ncnc(N)c45)ccc3c2)c1
compound_5784931,Cc1ccccc1COc1ccc2cc(-c3nn(C(C)C)c4ncnc(N)c34)ccc2c1
compound_5918917,Cc1ccc(C(F)(F)F)cc1COc1ccc2cc(-c3nn(C(C)C)c4ncnc(N)c34)ccc2c1
compound_5776934,CC(C)n1nc(-c2ccc3cc(OCc4ccc(CC(F)(F)F)c(Cl)c4)ccc3c2)c2c(N)ncnc21
compound_5875647,CC(C)n1nc(-c2ccc3cc(OCc4cc(F)cc(Cl)c4)ccc3c2)c2c(N)ncnc21
compound_5767089,CC(Oc1ccc2cc(-c3nn(C(C)C)c4ncnc(N)c34)ccc2c1)c1ccccc1
compound_5860627,CC(C)n1nc(-c2ccc3cc(OCc4ccc(C(C)(C)C)cc4)ccc3c2)c2c(N)ncnc21
compound_5896441,CC(C)n1nc(-c2ccc3cc(OCc4ccncc4)ccc3c2)c2c(N)ncnc21
compound_5860895,Cn1ccc2cc(-c3nn(CC4CCNCC4)c4ncnc(N)c34)ccc21
compound_5888568,CN(C)c1ccc2cc(-c3nn(CC4CCNCC4)c4ncnc(N)c34)ccc2c1
compound_5774425,CC(C)n1nc(-c2ccc3cc(OC(=O)c4cccc(Cl)c4)ccc3c2)c2c(N)ncnc21
compound_5028111,Cc1cccc(Cl)c1-c1ccc2nc(NC(=O)[C@@H]3C[C@@H]3F)sc2c1
compound_5028912,Cc1cccc(C)c1-c1ccc2nc(NC(=O)[C@@H]3C[C@@H]3F)sc2c1
compound_5028390,Cc1ccncc1-c1ccc2nc(NC(=O)[C@@H]3C[C@@H]3F)sc2c1
compound_5877714,Cc1ccncc1-c1ccc2sc(NC(=O)[C@@H]3C[C@@H]3F)nc2c1
compound_5980456,Cc1ccncc1-c1ccc2sc(NC(=O)C3CC3)nc2c1
compound_5028003,Cc1ccncc1-c1ccc2nc(NC(=O)[C@@H]3C[C@@H]3CO)sc2c1
compound_5796687,CC(=O)Nc1ccc(C)c(-c2ccc3nc(NC(=O)C4CC4)sc3c2)c1
compound_5923569,Cc1ccnc(Cl)c1-c1ccc2nc(NC(=O)[C@@H]3C[C@@H]3F)sc2c1
compound_5858874,Cc1ccncc1-c1cnc2nc(NC(=O)C3CC3)sc2c1
compound_5802235,Cc1ccc(O)cc1-c1ccc2nc(NC(=O)[C@@H]3C[C@@H]3F)sc2c1
compound_5891431,Cc1ccc(C(C)(C)O)cc1-c1ccc2nc(NC(=O)[C@@H]3C[C@@H]3F)sc2c1
compound_6011433,C=C(C)c1ccc(C)c(-c2ccc3nc(NC(=O)[C@@H]4C[C@@H]4F)sc3c2)c1
compound_5973964,CC(=O)c1cc(C)c(-c2ccc3sc(NC(=O)[C@@H]4C[C@@H]4F)nc3c2)cn1
compound_5917841,Cc1c(O)cccc1-c1ccc2nc(NC(=O)[C@@H]3C[C@@H]3F)sc2c1
compound_5973988,Cc1cc(N)nc(C)c1-c1ccc2nc(NC(=O)[C@@H]3C[C@@H]3F)sc2c1
compound_5865726,Cc1ccc2c(c1-c1ccc3nc(NC(=O)[C@@H]4C[C@@H]4F)sc3c1)CCN2
compound_6040906,Cc1cccc(F)c1-c1cc2sc(NC(=O)[C@@H]3C[C@@H]3F)nc2cn1
compound_5758443,Cc1ccncc1-c1ccc2nc(N)sc2c1
compound_6031055,Cc1cc(C(C)O)ncc1-c1ccc2sc(NC(=O)[C@@H]3C[C@@H]3F)nc2c1
compound_5957243,Cc1cc(CO)ncc1-c1ccc2sc(NC(=O)[C@@H]3C[C@@H]3F)nc2c1
compound_5927204,CC(=O)N1CCc2c1ccc(C)c2-c1ccc2nc(NC(=O)[C@@H]3C[C@@H]3F)sc2c1
compound_5791020,Cc1ccncc1-c1ccc2nc(NC(=O)C3CC(F)C3)sc2c1
compound_6011619,Cc1cccc(F)c1-c1ccc2nc(NC(=O)[C@H]3C[C@@H](F)C3)sc2c1
compound_6059739,Cc1cccc(F)c1-c1ccc2nc(NC(=O)C3CC(F)C3)sc2c1
compound_5942715,Cc1ccncc1-c1ccc2nc(NC(=O)C3CC(F)(F)C3)sc2c1
compound_5774771,Cc1ccc(N(C)C(=O)OC(C)(C)C)c(F)c1-c1ccc2nc(NC(=O)[C@@H]3C[C@@H]3F)sc2c1
compound_5760904,CNc1ccc(C)c(-c2ccc3nc(NC(=O)[C@@H]4C[C@@H]4F)sc3c2)c1F
compound_5872414,Cc1c(F)cncc1-c1ccc2nc(NC(=O)C3CC3)sc2c1
compound_5746944,Cc1c(F)cncc1-c1ccc2nc(NC(=O)C3CC3(F)F)sc2c1
compound_5803161,Cc1c(F)cncc1-c1ccc2nc(NC(=O)C3CCC3)sc2c1
compound_5941886,Cc1c(F)cncc1-c1ccc2nc(NC(=O)C3CC(F)C3)sc2c1
compound_6018936,Cc1c(F)cncc1-c1ccc2nc(NC(=O)C3CC(F)(F)C3)sc2c1
compound_5028581,Cc1ccncc1-c1ccc2nc(NC(=O)c3ccccc3)sc2c1
compound_5955383,CNc1nc2ccc(-c3cnccc3C)cc2s1
compound_5029002,Cc1ccsc1-c1ccc2nc(NC(=O)[C@@H]3C[C@@H]3F)sc2c1
compound_5818095,O=C(Nc1nc2ccc(B(O)O)cc2s1)[C@@H]1C[C@@H]1F
compound_5878653,Cc1cccc(F)c1-c1ccc2nc(NC(=O)[C@@H]3C[C@@H]3CO)sc2c1
compound_6005559,Cc1cccc(F)c1-c1ccc2nc(NC(=O)[C@H]3C[C@H]3CO)sc2c1
compound_5860130,Cc1ncncc1-c1ccc2nc(NC(=O)[C@@H]3C[C@@H]3F)sc2c1
compound_5839218,CC(=O)c1cc(C)c(-c2ccc3nc(NC(=O)[C@@H]4C[C@@H]4F)sc3c2)cn1
compound_5962484,Cc1cccc(F)c1-c1ccc2nc(NC(=O)C3C[C@H]3CO)sc2c1
compound_6015719,Cc1c(F)cncc1-c1ccc2nc(NC(=O)C3C[C@H]3CO)sc2c1
compound_5028859,Cc1cc(C)c(-c2ccc3nc(NC(=O)[C@@H]4C[C@@H]4F)sc3c2)cn1
compound_5975201,Cc1cc(Cl)ncc1-c1ccc2nc(NC(=O)[C@@H]3C[C@@H]3F)sc2c1
compound_5865654,Cc1cc(C(F)(F)F)ncc1-c1ccc2nc(NC(=O)[C@@H]3C[C@@H]3F)sc2c1
compound_5900286,O=C(Nc1nc2ccc(-c3cnccc3CO)cc2s1)[C@@H]1C[C@@H]1F
compound_6053095,Cc1cc(CO)ncc1-c1ccc2nc(NC(=O)[C@@H]3C[C@@H]3F)sc2c1
compound_5994971,Cc1cc(C(C)O)ncc1-c1ccc2nc(NC(=O)[C@@H]3C[C@@H]3F)sc2c1
compound_5028023,O=C(Nc1nc2ccc(-c3cnccc3C(F)(F)F)cc2s1)[C@@H]1C[C@@H]1F
compound_5982552,Cc1ccc(C#Cc2ccccn2)cc1-c1ccc2nc(NC(=O)[C@@H]3C[C@@H]3F)sc2c1
compound_5749342,Cc1ccc(-n2cccn2)cc1-c1ccc2nc(NC(=O)[C@@H]3C[C@@H]3F)sc2c1
compound_5856578,CNC[C@@H]1CC1C(=O)Nc1nc2ccc(-c3cncc(F)c3C)cc2s1
compound_5836493,Cc1ccc2[nH]ccc2c1-c1ccc2nc(NC(=O)[C@@H]3C[C@@H]3F)sc2c1
compound_5962277,Cc1c(CO)cncc1-c1ccc2nc(NC(=O)[C@@H]3C[C@@H]3F)sc2c1
compound_5028518,Cc1ccncc1-c1cc(F)c2nc(NC(=O)[C@@H]3C[C@@H]3F)sc2c1
compound_5028705,Cc1ncnc(C)c1-c1ccc2nc(NC(=O)[C@@H]3C[C@@H]3F)sc2c1
compound_5844505,Cc1c(-c2ccc3nc(NC(=O)[C@@H]4C[C@@H]4F)sc3c2)ccc2c1NC(=O)C2
compound_5806101,C#Cc1ccc(C)c(-c2ccc3nc(NC(=O)[C@@H]4C[C@@H]4F)sc3c2)c1
compound_5028704,N#Cc1ccncc1-c1ccc2nc(NC(=O)[C@@H]3C[C@@H]3F)sc2c1
compound_5838810,Cc1ccnc(F)c1-c1ccc2nc(NC(=O)[C@@H]3C[C@@H]3F)sc2c1
compound_6058826,Cc1ccc(-c2cc[nH]c2)cc1-c1ccc2nc(NC(=O)[C@@H]3C[C@@H]3F)sc2c1
compound_5972118,Cc1ccc(-c2nccs2)cc1-c1ccc2nc(NC(=O)[C@@H]3C[C@@H]3F)sc2c1
compound_5968076,Cc1ccc(C#N)cc1-c1ccc2nc(NC(=O)[C@@H]3C[C@@H]3F)sc2c1
compound_5757470,Cc1cn(C2CCCCO2)nc1-c1ccc2nc(NC(=O)[C@@H]3C[C@@H]3F)sc2c1
compound_5789179,Cc1ccc(-c2ccc[nH]2)cc1-c1ccc2nc(NC(=O)[C@@H]3C[C@@H]3F)sc2c1
compound_5901761,Cc1ccc(-c2cc[nH]n2)cc1-c1ccc2nc(NC(=O)[C@@H]3C[C@@H]3F)sc2c1
compound_5896371,Cc1ccc2c(c1-c1ccc3nc(NC(=O)[C@@H]4C[C@@H]4F)sc3c1)CC(=O)N2
compound_5805508,Cc1c(-c2ccc3nc(NC(=O)[C@@H]4C[C@@H]4F)sc3c2)ccc2sc(=O)[nH]c12
compound_5745384,O=C(Nc1nc2ccc(-c3cnc4[nH]ccc4c3)cc2s1)C1C[C@@H]1F
compound_6058150,Cc1cc(-c2ccc3nc(NC(=O)[C@@H]4C[C@@H]4F)sc3c2)sn1
compound_5758744,Cc1nsc(-c2ccc3nc(NC(=O)[C@@H]4C[C@@H]4F)sc3c2)c1Cl
compound_6008361,Cc1ccc(-c2ccc3nc(NC(=O)[C@@H]4C[C@@H]4F)sc3c2)c2cn[nH]c12
compound_5891328,Cc1c(-c2ccc3nc(NC(=O)[C@@H]4C[C@@H]4F)sc3c2)ccc2cn[nH]c12
compound_5898041,Cc1nsc(-c2ccc3nc(NC(=O)[C@@H]4C[C@@H]4F)sc3c2)c1C
compound_5875315,Cc1ccc(-c2ncc[nH]2)cc1-c1ccc2nc(NC(=O)[C@@H]3C[C@@H]3F)sc2c1
compound_5984043,Cc1ccc2ncsc2c1-c1ccc2nc(NC(=O)[C@@H]3C[C@@H]3F)sc2c1
compound_5851445,Cc1cc(CF)ncc1-c1ccc2nc(NC(=O)[C@@H]3C[C@@H]3F)sc2c1
compound_5028534,Cc1ccncc1-c1ccc2nc(NC(=O)[C@H]3C[C@H]3F)sc2c1
compound_5028824,Cc1ccncc1-c1ccc2nc(NC(=O)[C@@H]3C[C@H]3F)sc2c1
compound_5968106,O=C(Nc1ccc(OC(F)(F)Cl)cc1)c1cc(-c2cncnc2)c2c(c1)ncn2C1CC(O)C1
compound_6011357,Cn1c(C(F)F)nc2c(-c3cncnc3)cc(C(=O)Nc3ccc(OC(F)(F)Cl)cc3)cc21
compound_5934662,Cc1nc2c(-c3cncnc3)cc(C(=O)Nc3ccc(OC(F)(F)Cl)cc3)cc2n1C
compound_5873023,C[C@H](CO)n1c(C(F)F)nc2cc(C(=O)Nc3ccc(OC(F)(F)Cl)cc3)cc(-c3cncnc3)c21
compound_6063431,CC(C)c1nc2cc(C(=O)Nc3ccc(OC(F)(F)Cl)cc3)cc(-c3cncnc3)c2n1C
compound_5814725,Cc1nc2cc(C(=O)Nc3ccc(OC(F)(F)Cl)cc3)cc(-c3cncnc3)c2n1C
compound_5787578,COc1nc2cc(C(=O)Nc3ccc(OC(F)(F)Cl)cc3)cc(-c3cncnc3)c2n1C(C)C
compound_6045901,CC(C)n1cnc2cc(C(=O)Nc3ccc(OC(F)(F)Cl)cc3)cc(-n3cnc(C4CC4)c3)c21
compound_6055861,CC(C)n1cnc2cc(C(=O)Nc3ccc(OC(F)(F)Cl)cc3)cc(Br)c21
compound_5899627,CC(C)n1cnc2cc(C(=O)Nc3ccc(OC(F)(F)Cl)cc3)cc(C(=O)NC3CC3)c21
compound_5752352,COc1ccc(Cn2ncc(F)c2-c2cc(C(=O)Nc3ccc(OC(F)(F)Cl)cc3)cc3ncn(C(C)C)c23)cc1
compound_5981986,O=C(Nc1ccc(OC(F)(F)Cl)cc1)c1cc(-c2cncnc2)c2c(c1)ncn2C1CS(=O)(=O)C1
compound_5809741,CC(C)n1cnc2cc(C(=O)Nc3ccc(OC(F)(F)Cl)cc3)c(F)c(Br)c21
compound_5854167,CC(C)n1cnc2cc(C(=O)Nc3ccc(OC(F)(F)Cl)cc3)cc(-c3cscn3)c21
compound_5925407,COc1ccc(CNc2cc(C(=O)Nc3ccc(OC(F)(F)Cl)cc3)cc3ncn(C(C)C)c23)cc1
compound_5949279,CC(C)n1cnc2cc(C(=O)Nc3ccc(OC(F)(F)Cl)cc3)cc(-c3noc(=O)[nH]3)c21
compound_5813241,CC(C)n1cnc2cc(C(=O)Nc3ccc(OC(F)(F)Cl)cc3)cc(C(N)=O)c21
compound_5765181,CC(C)n1cnc2cc(C(=O)Nc3ccc(OC(F)(F)Cl)cc3)nc(-c3cncnc3)c21
compound_6008289,CC(C)n1cnc2cc(C(=O)Nc3ccc(OC(F)(F)Cl)cc3)cc(-c3cnn[nH]3)c21
compound_5957155,CC(C)n1cnc2cc(C(=O)Nc3ccc(OC(F)(F)Cl)cc3)cc(-c3n[nH]cc3C#N)c21
compound_5750859,O=C(Nc1ccc(OC(F)(F)Cl)cc1)c1cc(-c2cncnc2)c2c(c1)nc1n2C[C@@H](O)CC1
compound_5836865,CC(C)n1cnc2cc(C(=O)Nc3ccc(OC(F)(F)Cl)cc3)cc(-c3cncnc3)c21
compound_5772742,O=C(Nc1ccc(OC(F)(F)Cl)cc1)c1cc(-c2cncnc2)c2c(c1)ncn2C1CC1
compound_6037248,O=C(Nc1ccc(OC(F)(F)Cl)cc1)c1cc(-c2cncnc2)c2c(c1)ncn2C1CCC1
compound_5953875,O=C(Nc1ccc(OC(F)(F)Cl)cc1)c1cc(-c2cncnc2)c2c(c1)ncn2C1CCOC1
compound_5838571,O=C(Nc1ccc(OC(F)(F)Cl)cc1)c1cc(-c2cncnc2)c2c(c1)ncn2C1CCCC1
compound_5951797,C[C@H](CF)n1cnc2cc(C(=O)Nc3ccc(OC(F)(F)Cl)cc3)cc(-c3cncnc3)c21
compound_5792986,C[C@@H](CO)n1cnc2cc(C(=O)Nc3ccc(OC(F)(F)Cl)cc3)cc(-c3cncnc3)c21
compound_5920082,C[C@H](CO)n1cnc2cc(C(=O)Nc3ccc(OC(F)(F)Cl)cc3)cc(-c3cncnc3)c21
compound_5953174,O=C(Nc1ccc(OC(F)(F)Cl)cc1)c1cc(-c2cncnc2)c2c(c1)ncn2[C@H]1C[C@@H](F)C1
compound_5813056,O=C(Nc1ccc(OC(F)(F)Cl)cc1)c1cc(-c2cncnc2)c2c(c1)ncn2[C@H]1C[C@H](F)C1
compound_5942322,O=C(Nc1ccc(OC(F)(F)Cl)cc1)c1cc(-c2cncnc2)c2c(c1)ncn2CC1CC1
compound_5960689,COC[C@@H](C)n1cnc2cc(C(=O)Nc3ccc(OC(F)(F)Cl)cc3)cc(-c3cncnc3)c21
compound_5742003,COC[C@H](C)n1cnc2cc(C(=O)Nc3ccc(OC(F)(F)Cl)cc3)cc(-c3cncnc3)c21
compound_5880185,C[C@H](n1cnc2cc(C(=O)Nc3ccc(OC(F)(F)Cl)cc3)cc(-c3cncnc3)c21)C(C)(C)O
compound_5807597,O=C(Nc1ccc(OC(F)(F)Cl)cc1)c1cc(-c2cncnc2)c2c(c1)ncn2C1CC[C@H]1O
compound_5860607,CC(C)(O)Cn1cnc2cc(C(=O)Nc3ccc(OC(F)(F)Cl)cc3)cc(-c3cncnc3)c21
compound_5824497,C[C@@H](CF)n1cnc2cc(C(=O)Nc3ccc(OC(F)(F)Cl)cc3)cc(-c3cncnc3)c21
compound_6052865,C[C@@H]1C[C@H]1n1cnc2cc(C(=O)Nc3ccc(OC(F)(F)Cl)cc3)cc(-c3cncnc3)c21
compound_6030952,O=C(Nc1ccc(OC(F)(F)Cl)cc1)c1cc(-c2cncnc2)c2c(c1)ncn2C[C@H]1CCCO1
compound_5811808,O=C(Nc1ccc(OC(F)(F)Cl)cc1)c1cc(-c2cncnc2)c2c(c1)ncn2C[C@@H]1CCCO1
compound_5932454,O=C(Nc1ccc(OC(F)(F)Cl)cc1)c1cc(-c2cncnc2)c2c(c1)ncn2[C@@H]1CCOC1
compound_5749802,O=C(Nc1ccc(OC(F)(F)Cl)cc1)c1cc(-c2cncnc2)c2c(c1)ncn2[C@H]1CCOC1
compound_5804919,C[C@H]1OCC[C@H]1n1cnc2cc(C(=O)Nc3ccc(OC(F)(F)Cl)cc3)cc(-c3cncnc3)c21
compound_5871986,O=C(Nc1ccc(OC(F)(F)Cl)cc1)c1cc(-c2ccn[nH]2)c2c(c1)ncn2C1CC1
compound_5933148,O=C(Nc1ccc(OC(F)(F)Cl)cc1)c1cc(-c2cncc(F)c2)c2c(c1)ncn2C1CC1
compound_5949927,COc1ncc(-c2cc(C(=O)Nc3ccc(OC(F)(F)Cl)cc3)cc3ncn(C4CC4)c23)cn1
compound_5909389,O=C(Nc1ccc(OC(F)(F)Cl)cc1)c1cc(-c2cncnc2)c2c(c1)ncn2C1CC(F)(F)C1
compound_5796191,O=C(Nc1ccc(OC(F)(F)Cl)cc1)c1cc(-c2cncnc2)c2c(c1)ncn2[C@H]1C[C@H](O)C1
compound_6065458,CC(C)n1cnc2cc(C(=O)Nc3ccc(OC(F)(F)Cl)cc3)cc(-c3ccn[nH]3)c21
compound_6057436,CC(C)n1cnc2cc(C(=O)Nc3ccc(OC(F)(F)Cl)cc3)cc(-c3cncc(F)c3)c21
compound_5939318,C[C@H](C1CC1)n1cnc2cc(C(=O)Nc3ccc(OC(F)(F)Cl)cc3)cc(-c3cncnc3)c21
compound_5994365,C[C@@H](C1CC1)n1cnc2cc(C(=O)Nc3ccc(OC(F)(F)Cl)cc3)cc(-c3cncnc3)c21
compound_6005484,COc1ncc(-c2cc(C(=O)Nc3ccc(OC(F)(F)Cl)cc3)cc3ncn(C(C)C)c23)cn1
compound_5798717,C[C@H](CO)n1cnc2cc(C(=O)Nc3ccc(OC(F)(F)Cl)cc3)cc(-c3ccn[nH]3)c21
compound_5741637,CC(C)(C)n1cnc2cc(C(=O)Nc3ccc(OC(F)(F)Cl)cc3)cc(-c3cncnc3)c21
compound_5970078,O=C(Nc1ccc(OC(F)(F)Cl)cc1)c1cc(-c2cncnc2)c2c(c1)ncn2CC(F)F
compound_5983799,O=C(Nc1ccc(OC(F)(F)Cl)cc1)c1cc(-c2cncnc2)c2c(c1)ncn2C1(CO)CC1
compound_5792859,CC1(n2cnc3cc(C(=O)Nc4ccc(OC(F)(F)Cl)cc4)cc(-c4cncnc4)c32)CC1
compound_6062622,C[C@@H](CO)n1cnc2cc(C(=O)Nc3ccc(OC(F)(F)Cl)cc3)cc(-c3ccn[nH]3)c21
compound_6015174,C[C@@H](C(F)F)n1cnc2cc(C(=O)Nc3ccc(OC(F)(F)Cl)cc3)cc(-c3cncnc3)c21
compound_5770425,CC(C)n1cnc2cc(C(=O)Nc3ccc(OC(F)(F)Cl)cc3)cc(-c3cncs3)c21
compound_5844916,C[C@H](C(F)F)n1cnc2cc(C(=O)Nc3ccc(OC(F)(F)Cl)cc3)cc(-c3cncnc3)c21
compound_6022103,C[C@H](O)Cn1cnc2cc(C(=O)Nc3ccc(OC(F)(F)Cl)cc3)cc(-c3cncnc3)c21
compound_5903035,O=C(Nc1ccc(OC(F)(F)Cl)cc1)c1cc(-c2cncnc2)c2c(c1)ncn2CC1COC1
compound_5878237,C[C@@H](O)Cn1cnc2cc(C(=O)Nc3ccc(OC(F)(F)Cl)cc3)cc(-c3cncnc3)c21
compound_6030053,C[C@@H](CC#N)n1cnc2cc(C(=O)Nc3ccc(OC(F)(F)Cl)cc3)cc(-c3cncnc3)c21
compound_6043487,C[C@H](CC#N)n1cnc2cc(C(=O)Nc3ccc(OC(F)(F)Cl)cc3)cc(-c3cncnc3)c21
compound_5820246,CC(C1COC1)n1cnc2cc(C(=O)Nc3ccc(OC(F)(F)Cl)cc3)cc(-c3cncnc3)c21
compound_5997882,C[C@@H](C(F)F)n1cnc2cc(C(=O)Nc3ccc(OC(F)(F)Cl)cc3)cc(-c3ccn[nH]3)c21
compound_5927334,C[C@H](C(F)F)n1cnc2cc(C(=O)Nc3ccc(OC(F)(F)Cl)cc3)cc(-c3ccn[nH]3)c21
compound_5758439,CC(C)c1nc2c(-c3cncnc3)cc(C(=O)Nc3ccc(OC(F)(F)Cl)cc3)cc2n1C
compound_6007885,Cc1nc2c(-c3cncc(F)c3)cc(C(=O)Nc3ccc(OC(F)(F)Cl)cc3)cc2n1C
compound_6040866,Cc1nc2cc(C(=O)Nc3ccc(OC(F)(F)Cl)cc3)cc(-c3cncnc3)c2n1[C@H](C)CO
compound_5921329,CC(C)n1c(C(F)F)nc2cc(C(=O)Nc3ccc(OC(F)(F)Cl)cc3)cc(-c3cncnc3)c21
compound_6036681,Cc1nc2cc(C(=O)Nc3ccc(OC(F)(F)Cl)cc3)cc(-c3cncnc3)c2n1C1CC1
compound_5946082,Cc1nc2cc(C(=O)Nc3ccc(OC(F)(F)Cl)cc3)cc(-c3cncnc3)c2n1C(C)C
compound_5758996,CC(C)n1c(C2CCOCC2)nc2cc(C(=O)Nc3ccc(OC(F)(F)Cl)cc3)cc(-c3cncnc3)c21
compound_5975178,Cn1c(C2CC2)nc2cc(C(=O)Nc3ccc(OC(F)(F)Cl)cc3)cc(-c3cncnc3)c21
compound_5888408,Cn1c(C(C)(C)O)nc2cc(C(=O)Nc3ccc(OC(F)(F)Cl)cc3)cc(-c3cncnc3)c21
compound_5785803,Cn1c(C(F)F)nc2cc(C(=O)Nc3ccc(OC(F)(F)Cl)cc3)cc(-c3cncnc3)c21
compound_5805786,Cn1c(C2CCC2)nc2cc(C(=O)Nc3ccc(OC(F)(F)Cl)cc3)cc(-c3cncnc3)c21
compound_5784849,Cn1c(CO)nc2cc(C(=O)Nc3ccc(OC(F)(F)Cl)cc3)cc(-c3cncnc3)c21
compound_5841002,C[C@@H]1Cn2c(nc3cc(C(=O)Nc4ccc(OC(F)(F)Cl)cc4)cc(-c4cncnc4)c32)CO1
compound_5915572,C[C@H]1Cn2c(nc3cc(C(=O)Nc4ccc(OC(F)(F)Cl)cc4)cc(-c4cncnc4)c32)CO1
compound_5759247,C[C@H]1COCc2nc3cc(C(=O)Nc4ccc(OC(F)(F)Cl)cc4)cc(-c4cncnc4)c3n21
compound_5786882,C[C@@H]1COCc2nc3cc(C(=O)Nc4ccc(OC(F)(F)Cl)cc4)cc(-c4cncnc4)c3n21
compound_5762572,CCOc1nc2cc(C(=O)Nc3ccc(OC(F)(F)Cl)cc3)cc(-c3cncnc3)c2n1C(C)C
compound_6050823,C[C@H](CF)n1cnc2cc(C(=O)Nc3ccc(OC(F)(F)Cl)cc3)cc(-c3ccn[nH]3)c21
compound_6014093,C[C@H](CF)n1c(C(F)F)nc2cc(C(=O)Nc3ccc(OC(F)(F)Cl)cc3)cc(-c3cncnc3)c21
compound_5870330,CC(C)n1cnc2cc(C(=O)Nc3ccc(OC(F)(F)Cl)cc3)cc(-c3n[nH]cc3O)c21
compound_5885010,C[C@@H](CF)n1c(C(F)F)nc2cc(C(=O)Nc3ccc(OC(F)(F)Cl)cc3)cc(-c3cncnc3)c21
compound_5887188,C[C@@H](CF)n1cnc2cc(C(=O)Nc3ccc(OC(F)(F)Cl)cc3)cc(-c3ccn[nH]3)c21
compound_6006609,CC(C)n1cnc2cc(C(=O)Nc3ccc(OC(F)(F)Cl)cc3)cc(-c3ccnn3C)c21
compound_5909927,CC(C)n1cnc2cc(C(=O)Nc3ccc(OC(F)(F)Cl)cc3)cc(-c3ccn(C)n3)c21
compound_6033775,C[C@@H]1CCOc2nc3cc(C(=O)Nc4ccc(OC(F)(F)Cl)cc4)cc(-c4cncnc4)c3n21
compound_5767266,CC(C)n1cnc2cc(C(=O)Nc3ccc(OC(F)(F)Cl)cc3)cc(-c3cnsc3)c21
compound_5901058,CC(C)n1cnc2cc(C(=O)Nc3ccc(OC(F)(F)Cl)cc3)cc(-c3cccnn3)c21
compound_5925822,CC(C)n1c(C(F)F)nc2cc(C(=O)Nc3ccc(OC(F)(F)Cl)cc3)cc(-c3cnsc3)c21
compound_5826999,C[C@@H]1CCSc2nc3cc(C(=O)Nc4ccc(OC(F)(F)Cl)cc4)cc(-c4cncnc4)c3n21
compound_3976713,N#Cc1cncc(-c2cc(C(=O)Nc3ccc(OC(F)(F)F)cc3)cnc2N2CC[C@H](CO)C2)c1
compound_6013920,CC(C)n1c(C(F)F)nc2cc(C(=O)Nc3ccc(OC(F)(F)Cl)cc3)cc(-c3cscn3)c21
compound_5944812,O=C(Nc1ccc(OC(F)(F)Cl)cc1)c1cc(-c2cncnc2)c2c(c1)nc1n2[C@H](CO)COC1
compound_6025517,CCn1cnc2cc(C(=O)Nc3ccc(OC(F)(F)Cl)cc3)cc(-c3ccn[nH]3)c21
compound_5996276,C[C@@H]1COCc2nc3cc(C(=O)Nc4ccc(OC(F)(F)F)cc4)cc(-c4cncnc4)c3n21
compound_6014687,CC(C)n1c(C(F)F)nc2cc(C(=O)Nc3ccc(OC(F)(F)Cl)cc3)cc(-c3ccnnc3)c21
compound_5859067,CCn1c(C(F)F)nc2cc(C(=O)Nc3ccc(OC(F)(F)Cl)cc3)cc(-c3ccnnc3)c21
compound_6012556,C[C@H](C(F)F)n1cnc2cc(C(=O)Nc3ccc(OC(F)(F)Cl)cc3)cc(-c3ccnnc3)c21
compound_5793570,C[C@H](C(F)F)n1cnc2cc(C(=O)Nc3ccc(OC(F)(F)Cl)cc3)cc(-c3cccnn3)c21
compound_5971475,CCn1c([C@H](C)O)nc2cc(C(=O)Nc3ccc(OC(F)(F)Cl)cc3)cc(-c3cncnc3)c21
compound_3976713,N#Cc1cncc(-c2cc(C(=O)Nc3ccc(OC(F)(F)F)cc3)cnc2N2CC[C@H](CO)C2)c1
compound_5885975,CC(C)n1c([C@H](C)O)nc2cc(C(=O)Nc3ccc(OC(F)(F)Cl)cc3)cc(-c3cncnc3)c21
compound_5985207,O=C(Nc1ccc(OC(F)(F)Cl)cc1)c1cc(-c2cncnc2)c2c(c1)nc1n2[C@H](CO)CO1
compound_5983846,O=C(Nc1ccc(OC(F)(F)Cl)cc1)c1cc(-c2cccnn2)c2c(c1)ncn2CC(F)F
compound_6025738,C[C@H](CO)n1cnc2cc(C(=O)Nc3ccc(OC(F)(F)Cl)cc3)cc(-c3cccnn3)c21
compound_5951027,O=C(Nc1ccc(OC(F)(F)Cl)cc1)c1cc(-c2cncnc2)c2c(c1)nc1n2CC[C@H](O)C1
compound_5752325,O=C(Nc1ccc(OC(F)(F)Cl)cc1)c1cc(-c2cncnc2)c2c(c1)nc1n2CC[C@@H](O)C1
compound_5970225,CCn1c([C@H](C)O)nc2cc(C(=O)Nc3ccc(OC(F)(F)Cl)cc3)cc(-c3cnoc3)c21
compound_5970516,CCn1c(OC)nc2cc(C(=O)Nc3ccc(OC(F)(F)Cl)cc3)cc(-c3cncnc3)c21
compound_5914584,COc1nc2cc(C(=O)Nc3ccc(OC(F)(F)Cl)cc3)cc(-c3cncnc3)c2n1[C@H](C)CO
compound_5975506,O=C(Nc1ccc(OC(F)(F)Cl)cc1)c1cc(-c2cncnc2)c2c(c1)nc1n2C[C@@H](O)CO1
compound_6004963,Cc1ccc(NC(=O)c2ccc(CN3CCN(C)CC3)cc2)cc1Nc1nccc(-c2cncc(C3=NN=C(C(=O)Nc4cccnc4)C3)c2)n1
compound_5928041,Cc1ccc(NC(=O)c2ccc(CN3CCN(C)CC3)cc2)cc1Nc1nccc(-c2cncc(C3=NN=C(C(=O)Nc4ccccn4)C3)c2)n1
compound_5784932,Cc1cc(NC(=O)C2=NN=C(c3cncc(-c4ccnc(Nc5cc(NC(=O)c6ccc(CN7CCN(C)CC7)cc6)ccc5C)n4)c3)C2)ccn1
compound_5953248,Cc1ccc(NC(=O)c2ccc(CN3CCN(C)CC3)cc2)cc1Nc1nccc(-c2cncc(C3=NN=C(C(=O)Nc4ccn[nH]4)C3)c2)n1
compound_5838310,Cc1ccc(NC(=O)c2ccc(CN3CCN(C)CC3)cc2)cc1Nc1nccc(-c2cncc(C3=NN=C(C(=O)Nc4[nH]ncc4C)C3)c2)n1
compound_5890855,Cc1cc(NC(=O)C2=NN=C(c3cncc(-c4ccnc(Nc5cc(NC(=O)c6ccc(CN7CCN(C)CC7)cc6)ccc5C)n4)c3)C2)[nH]n1
compound_5782401,Cc1ccc(NC(=O)c2ccc(CN3CCN(C)CC3)cc2)cc1Nc1nccc(-c2cncc(C3=NN=C(C(=O)Nc4cc(C(=O)O)n[nH]4)C3)c2)n1
compound_5914830,Cc1ccc(NC(=O)c2ccc(CN3CCN(C)CC3)cc2)cc1Nc1nccc(-c2cncc(C3=NN=C(C(=O)Nc4cc(C(N)=O)n[nH]4)C3)c2)n1
compound_5967260,CNC(=O)c1cc(NC(=O)C2=NN=C(c3cncc(-c4ccnc(Nc5cc(NC(=O)c6ccc(CN7CCN(C)CC7)cc6)ccc5C)n4)c3)C2)[nH]n1
compound_6058323,Cc1ccc(NC(=O)c2ccc(CN3CCN(C)CC3)cc2)cc1Nc1nccc(-c2cncc(C3=NN=C(C(=O)Nc4cc(C(=O)N(C)C)n[nH]4)C3)c2)n1
compound_5994391,Cc1ccc(NC(=O)c2ccc(CN3CCN(C)CC3)cc2)cc1Nc1nccc(-c2cncc(C3=NN=C(C(=O)Nc4cn[nH]c4)C3)c2)n1
compound_5983598,Cc1ccc(NC(=O)c2ccc(CN3CCN(C)CC3)cc2)cc1Nc1nccc(-c2cncc(C3=NN=C(C(=O)Nc4cn[nH]c4C)C3)c2)n1
compound_5891024,Cc1ccc(NC(=O)c2ccc(CN3CCN(C)CC3)cc2)cc1Nc1nccc(-c2cncc(C3=NN=C(C(=O)Nc4ncco4)C3)c2)n1
compound_5805472,Cc1coc(NC(=O)C2=NN=C(c3cncc(-c4ccnc(Nc5cc(NC(=O)c6ccc(CN7CCN(C)CC7)cc6)ccc5C)n4)c3)C2)n1
compound_5902013,Cc1cc(NC(=O)C2=NN=C(c3cncc(-c4ccnc(Nc5cc(NC(=O)c6ccc(CN7CCN(C)CC7)cc6)ccc5C)n4)c3)C2)on1
compound_5826926,Cc1ccc(NC(=O)c2ccc(CN3CCN(C)CC3)cc2)cc1Nc1nccc(-c2cncc(C3=NN=C(C(=O)N4CCCC4)C3)c2)n1
compound_5761636,Cc1ccc(NC(=O)c2ccc(CN3CCN(C)CC3)cc2)cc1Nc1nccc(-c2cncc(C3=NN=C(C(=O)Nc4ccccc4)C3)c2)n1
compound_6006110,Cc1cccc(NC(=O)C2=NN=C(c3cncc(-c4ccnc(Nc5cc(NC(=O)c6ccc(CN7CCN(C)CC7)cc6)ccc5C)n4)c3)C2)c1
compound_6060645,Cc1ccc(NC(=O)C2=NN=C(c3cncc(-c4ccnc(Nc5cc(NC(=O)c6ccc(CN7CCN(C)CC7)cc6)ccc5C)n4)c3)C2)cc1
compound_5314481,Cc1ccc(NC(=O)c2ccc(CN3CCN(C)CC3)cc2)cc1Nc1nccc(-c2cncc(-c3oncc3C)c2)n1
compound_5937667,Cc1ccc(-c2cncc(-c3ccnc(Nc4cc(NC(=O)c5ccc(CN6CCN(C)CC6)cc5)ccc4C)n3)c2)nc1
compound_5925830,Cc1ccnc(-c2cncc(-c3ccnc(Nc4cc(NC(=O)c5ccc(CN6CCN(C)CC6)cc5)ccc4C)n3)c2)c1
compound_5995081,Cc1ccc(NC(=O)c2ccc(CN3CCN(C)CC3)cc2)cc1Nc1nccc(-c2cncc(-c3ccn(C)n3)c2)n1
compound_5858162,Cc1ccc(NC(=O)c2ccc(CN3CCNCC3)cc2)cc1Nc1nccc(-c2cncc(-c3ccccn3)c2)n1
compound_5912843,Cc1ccc(NC(=O)c2ccc(CN3CCN(C)CC3)cc2)cc1Nc1nccc(-c2cncc(-c3nnco3)c2)n1
compound_5823360,Cc1nnc(-c2cncc(-c3ccnc(Nc4cc(NC(=O)c5ccc(CN6CCN(C)CC6)cc5)ccc4C)n3)c2)o1
compound_5994060,Cc1ccc(NC(=O)c2ccc(CN3CCN(C)CC3)cc2)cc1Nc1nccc(-c2cncc(-c3ccns3)c2)n1
compound_5841403,Cc1ccc(NC(=O)c2ccc(CN3CCN(C)CC3)cc2)cc1Nc1nccc(-c2cncc(-c3sncc3C)c2)n1
compound_5934999,Cc1cc(-c2cncc(-c3ccnc(Nc4cc(NC(=O)c5ccc(CN6CCN(C)CC6)cc5)ccc4C)n3)c2)sn1
compound_6008259,Cc1ccc(NC(=O)c2ccc(CN3CCN(C)CC3)cc2)cc1Nc1nccc(-c2cncc(-c3cnsc3)c2)n1
compound_5941476,Cc1ccc(NC(=O)c2ccc(CN3CCN(C)CC3)cc2)cc1Nc1nccc(-c2cncc(-c3snnc3C)c2)n1
compound_6060934,Cc1ccc(NC(=O)c2ccc(CN3CCN(C)CC3)cc2)cc1Nc1nccc(-c2cncc(-c3nncs3)c2)n1
compound_5884242,Cc1nnc(-c2cncc(-c3ccnc(Nc4cc(NC(=O)c5ccc(CN6CCN(C)CC6)cc5)ccc4C)n3)c2)s1
compound_5816346,Cc1ccc(NC(=O)c2ccc(CN3CCN(C)CC3)cc2)cc1Nc1nccc(-c2cncc(-c3nccs3)c2)n1
compound_5964893,Cc1cnc(-c2cncc(-c3ccnc(Nc4cc(NC(=O)c5ccc(CN6CCN(C)CC6)cc5)ccc4C)n3)c2)s1
compound_6001350,Cc1csc(-c2cncc(-c3ccnc(Nc4cc(NC(=O)c5ccc(CN6CCN(C)CC6)cc5)ccc4C)n3)c2)n1
compound_6006445,Cc1ccncc1-c1ccc2nc(NC(=O)C3C[C@@H]3F)sc2c1
compound_5754207,Cc1ccnc(C)c1-c1ccc2nc(NC(=O)C3C[C@@H]3F)sc2c1
compound_5740603,Cc1cc(CO[Si](C(C)C)(C(C)C)C(C)C)ncc1-c1ccc2sc(NC(=O)[C@@H]3C[C@@H]3F)nc2c1
compound_5765043,Cc1ccncc1-c1ccc2nc(NC(=O)[C@H]3C[C@H](F)C3)sc2c1
compound_5802630,Cc1cc[n+]([O-])cc1-c1ccc2nc(NC(=O)[C@@H]3C[C@@H]3F)sc2c1
compound_5839063,Cc1c(F)cccc1-c1ccc2nc(NC(=O)[C@@H]3C[C@@H]3F)cn2c1.Cl
compound_5980885,Cc1cccc(F)c1-c1ccc2nc(NC(=O)[C@@H]3C[C@@H]3F)cn2c1
compound_5964426,Cc1c(F)cccc1-c1ccc2nc(NC(=O)[C@@H]3C[C@@H]3F)c(Cl)n2c1
compound_5917882,Cc1ccncc1-c1ccc2nc(NC(=O)[C@@H]3C[C@@H]3F)cn2c1
compound_6053162,Cc1c(F)cccc1-c1ccc2nc(NC(=O)[C@@H]3C[C@@H]3F)c(C)n2c1
compound_6000166,Cc1cccc(F)c1-c1ccc2nc(NC(=O)[C@@H]3C[C@@H]3F)c(C)n2c1
compound_5940515,Cc1c(F)cncc1-c1ccc2nc(NC(=O)[C@@H]3C[C@@H]3F)c(C)n2c1
compound_5861393,Cc1ccc(F)cc1-c1ccc2nc(NC(=O)[C@@H]3C[C@@H]3F)cn2c1
compound_5989503,Cc1ccc(O)cc1-c1ccc2nc(NC(=O)[C@@H]3C[C@@H]3F)cn2c1
compound_5838285,COC(=O)c1ccc(C)c(-c2ccc3nc(NC(=O)[C@@H]4C[C@@H]4F)cn3c2)c1
compound_5816525,Cc1c(F)cncc1-c1ccc2nc(NC(=O)[C@@H]3C[C@@H]3F)cn2c1
compound_5869837,Cc1ccc2[nH]ccc2c1-c1ccc2nc(NC(=O)[C@@H]3C[C@@H]3F)cn2c1.Cl.Cl
compound_5878397,Cc1c(F)cncc1-c1ccc2nc(NC(=O)[C@@H]3C[C@@H]3F)c(Cl)n2c1
compound_5817683,Cc1ccc(C#N)cc1-c1ccc2nc(NC(=O)[C@@H]3C[C@@H]3F)cn2c1
compound_6028270,O=C(Nc1cn2cc(-c3cc[nH]n3)ccc2n1)[C@@H]1C[C@@H]1F
compound_5816954,Cc1c[nH]nc1-c1ccc2nc(NC(=O)[C@@H]3C[C@@H]3F)cn2c1
compound_6029851,Cc1c(O)cccc1-c1ccc2nc(NC(=O)[C@@H]3C[C@@H]3F)cn2c1
compound_6023916,O=C(Nc1cn2cc(-c3cnccc3Cl)ccc2n1)[C@@H]1C[C@@H]1F
compound_5830640,Cc1cccc(-c2ccc3nc(NC(=O)[C@@H]4C[C@@H]4F)cn3c2)c1C
compound_5949380,Cc1ccc(N)cc1-c1ccc2nc(NC(=O)[C@@H]3C[C@@H]3F)cn2c1
compound_6058329,CNc1ccc(C)c(-c2ccc3nc(NC(=O)[C@@H]4C[C@@H]4F)cn3c2)c1
compound_5873756,CC(=O)Nc1ccc(C)c(-c2ccc3nc(NC(=O)[C@@H]4C[C@@H]4F)cn3c2)c1
compound_5951613,Cc1ccc(Cl)cc1-c1ccc2nc(NC(=O)[C@@H]3C[C@@H]3F)cn2c1
compound_5943651,O=C(Nc1cn2cc(-c3cnc4[nH]ccc4c3)ccc2n1)[C@@H]1C[C@@H]1F
compound_5875636,Cc1ccc(-c2cc[nH]n2)cc1-c1ccc2nc(NC(=O)[C@@H]3C[C@@H]3F)cn2c1
compound_5795193,Cc1cc(Cl)ccc1-c1ccc2nc(NC(=O)[C@@H]3C[C@@H]3F)cn2c1
compound_5782316,Cc1c(Cl)cccc1-c1ccc2nc(NC(=O)[C@@H]3C[C@@H]3F)cn2c1
compound_5747259,O=C(Nc1cn2cc(-c3cnccc3C(F)(F)F)ccc2n1)[C@@H]1C[C@@H]1F
compound_6006516,Cc1ccc(-c2ccc3nc(NC(=O)[C@@H]4C[C@@H]4F)cn3c2)c(C)c1
compound_5758255,Cc1c(F)cccc1-c1ccc2nc(NC(=O)[C@@H]3C[C@@H]3F)c(F)n2c1
compound_5779470,Cc1ccc(C)c(-c2ccc3nc(NC(=O)[C@@H]4C[C@@H]4F)cn3c2)c1
compound_6008570,O=C1Cc2ccc(-c3ccc4nc(NC(=O)[C@@H]5C[C@@H]5F)cn4c3)cc2N1
compound_5747886,N#Cc1ccncc1-c1ccc2nc(NC(=O)[C@@H]3C[C@@H]3F)cn2c1
compound_5901634,Cc1c(F)ccc(-c2ccc3nc(NC(=O)[C@@H]4C[C@@H]4F)cn3c2)c1C
compound_6034082,Cc1cc(F)cc(C)c1-c1ccc2nc(NC(=O)[C@@H]3C[C@@H]3F)cn2c1
compound_5921403,Cc1cc(F)ccc1-c1ccc2nc(NC(=O)[C@@H]3C[C@@H]3F)cn2c1
compound_5767083,Cc1ccc(-c2cc[nH]c2)cc1-c1ccc2nc(NC(=O)[C@@H]3C[C@@H]3F)cn2c1
compound_5824406,Cc1ccsc1-c1ccc2nc(NC(=O)[C@@H]3C[C@@H]3F)cn2c1
compound_5795173,Cc1cccc(C)c1-c1ccc2nc(NC(=O)[C@@H]3C[C@@H]3F)cn2c1
compound_6001012,Cc1cc(F)c(O)cc1-c1ccc2nc(NC(=O)[C@@H]3C[C@@H]3F)cn2c1
compound_5898579,Cc1c(-c2ccc3nc(NC(=O)[C@@H]4C[C@@H]4F)cn3c2)ccc(F)c1F
compound_5759893,Cc1c(F)ccc(F)c1-c1ccc2nc(NC(=O)[C@@H]3C[C@@H]3F)cn2c1
compound_5863680,Cc1c(-c2ccc3nc(NC(=O)[C@@H]4C[C@@H]4F)cn3c2)ccc(Cl)c1F
compound_5785474,Cc1ccnc(F)c1-c1ccc2nc(NC(=O)[C@@H]3C[C@@H]3F)cn2c1
compound_6041720,COc1ccncc1-c1ccc2nc(NC(=O)[C@@H]3C[C@@H]3F)cn2c1
compound_6028721,Cc1cc(N)ncc1-c1ccc2nc(NC(=O)[C@@H]3C[C@@H]3F)cn2c1
compound_5963845,Cc1c(F)cc(N)cc1-c1ccc2nc(NC(=O)[C@@H]3C[C@@H]3F)cn2c1
compound_5982359,Cc1ccc2c(c1-c1ccc3nc(NC(=O)[C@@H]4C[C@@H]4F)cn3c1)CC(=O)N2
compound_5920253,Cc1cccc(Cl)c1-c1ccc2nc(NC(=O)[C@@H]3C[C@@H]3F)cn2c1
compound_5847441,Cc1c[nH]c2ncc(-c3ccc4nc(NC(=O)[C@@H]5C[C@@H]5F)cn4c3)cc12
compound_5900011,Nc1ccc(-c2ccc3nc(NC(=O)[C@@H]4C[C@@H]4F)cn3c2)cn1
compound_5799361,Cc1ccc(-n2cccn2)cc1-c1ccc2nc(NC(=O)[C@@H]3C[C@@H]3F)cn2c1
compound_6052131,O=C(Nc1cn2cc(-c3cccc(F)c3CO)ccc2n1)[C@@H]1C[C@@H]1F
compound_6030257,Cc1c(F)cccc1-c1ccc2nc(NC(=O)[C@@H]3C[C@@H]3F)c(Br)n2c1
compound_5746620,COc1c(F)cccc1-c1ccc2nc(NC(=O)[C@@H]3C[C@@H]3F)cn2c1
compound_5843460,N#Cc1c(F)cccc1-c1ccc2nc(NC(=O)[C@@H]3C[C@@H]3F)cn2c1
compound_5791578,O=C(Nc1cn2cc(-c3cccc(F)c3F)ccc2n1)[C@@H]1C[C@@H]1F
compound_5859679,Cc1ccc2[nH]cc(C)c2c1-c1ccc2nc(NC(=O)[C@@H]3C[C@@H]3F)cn2c1
compound_5955873,COCc1c(F)cccc1-c1ccc2nc(NC(=O)[C@@H]3C[C@@H]3F)cn2c1
compound_5802302,O=C(Nc1cn2cc(-c3cccc(F)c3-c3ccco3)ccc2n1)[C@@H]1C[C@@H]1F
compound_5861213,CSc1c(F)cccc1-c1ccc2nc(NC(=O)[C@@H]3C[C@@H]3F)cn2c1
compound_5820049,Cc1cc(F)ncc1-c1ccc2nc(NC(=O)[C@@H]3C[C@@H]3F)cn2c1
compound_5903057,CC(=O)c1c(F)cccc1-c1ccc2nc(NC(=O)[C@@H]3C[C@@H]3F)cn2c1
compound_5760906,Cc1cc(N(C)C)ncc1-c1ccc2nc(NC(=O)[C@@H]3C[C@@H]3F)cn2c1
compound_6004838,Cc1c(F)cccc1-c1ccc2nc(NC(=O)C3CC3)cn2c1
compound_5943294,Cc1c(F)cccc1-c1ccc2nc(NC(=O)[C@H]3C[C@@H]3F)cn2c1
compound_5933393,Cc1c(F)cccc1-c1ccc2nc(NC(=O)[C@@H]3C[C@H]3F)cn2c1
compound_5902628,Cc1c(F)cccc1-c1ccc2nc(NC(=O)[C@H]3C[C@H]3F)cn2c1
compound_5857451,NCc1c(F)cccc1-c1ccc2nc(NC(=O)[C@@H]3C[C@@H]3F)cn2c1
compound_6003233,CC(=O)NCc1c(F)cccc1-c1ccc2nc(NC(=O)[C@@H]3C[C@@H]3F)cn2c1
compound_5853972,Cc1c(F)cccc1-c1ccc2nc(NC(=O)C3CCC3)cn2c1
compound_6058605,Cc1c(F)cccc1-c1ccc2nc(NC(=O)C3CC3(F)F)cn2c1
compound_5931947,Cc1c(F)cccc1-c1ccc2nc(NC(=O)C3CC(F)C3)cn2c1
compound_5768316,Cc1c(F)cccc1-c1ccc2nc(NC(=O)C3CC(F)(F)C3)cn2c1
compound_5749131,CNCc1c(F)cccc1-c1ccc2nc(NC(=O)[C@@H]3C[C@@H]3F)cn2c1
compound_5983058,CC(C)NCc1c(F)cccc1-c1ccc2nc(NC(=O)[C@@H]3C[C@@H]3F)cn2c1
compound_5929013,CN(C)Cc1c(F)cccc1-c1ccc2nc(NC(=O)[C@@H]3C[C@@H]3F)cn2c1
compound_5827116,Cc1c(-c2ccc3nc(NC(=O)[C@@H]4C[C@@H]4F)cn3c2)cnc2[nH]ccc12
compound_5845048,O=C(Nc1cn2cc(-c3cnc4[nH]ccc4c3Cl)ccc2n1)[C@@H]1C[C@@H]1F
compound_5885889,Cc1ccccc1-c1ccc2nc(NC(=O)[C@@H]3C[C@@H]3F)cn2c1
compound_6013777,O=C(Nc1cn2cc(-c3cccc(F)c3O)ccc2n1)[C@@H]1C[C@@H]1F
compound_5915239,Nc1c(F)cccc1-c1ccc2nc(NC(=O)[C@@H]3C[C@@H]3F)cn2c1
compound_5961329,Cc1cc2cc[nH]c2cc1-c1ccc2nc(NC(=O)[C@@H]3C[C@@H]3F)cn2c1
compound_6044230,Cc1cc2[nH]ccc2cc1-c1ccc2nc(NC(=O)[C@@H]3C[C@@H]3F)cn2c1
compound_6030812,CN(C)c1c(F)cccc1-c1ccc2nc(NC(=O)[C@@H]3C[C@@H]3F)cn2c1
compound_5774329,Cc1cc2nc[nH]c2cc1-c1ccc2nc(NC(=O)[C@@H]3C[C@@H]3F)cn2c1
compound_5823989,CCc1c(F)cccc1-c1ccc2nc(NC(=O)[C@@H]3C[C@@H]3F)cn2c1
compound_5939199,O=C(Nc1cn2cc(-c3ccccc3C(F)(F)F)ccc2n1)[C@@H]1C[C@@H]1F
compound_5894390,O=C(Nc1cn2cc(-c3cccc(F)c3C3CC3)ccc2n1)[C@@H]1C[C@@H]1F
compound_6057804,CNc1c(F)cccc1-c1ccc2nc(NC(=O)[C@@H]3C[C@@H]3F)cn2c1
compound_5755814,Cc1cc2ncoc2cc1-c1ccc2nc(NC(=O)[C@@H]3C[C@@H]3F)cn2c1
compound_5945348,Cc1ccc2[nH]cnc2c1-c1ccc2nc(NC(=O)[C@@H]3C[C@@H]3F)cn2c1
compound_5823657,Cc1ccc2ocnc2c1-c1ccc2nc(NC(=O)[C@@H]3C[C@@H]3F)cn2c1
compound_6005206,CC(C)c1c(F)cccc1-c1ccc2nc(NC(=O)[C@@H]3C[C@@H]3F)cn2c1
compound_281470,COc1ccc(-c2[nH]nc3c2C(=O)c2ccccc2-3)cc1
